BR:BEND-PC1:OWFS_PROCESS_T,2024-09-21 02:44:36.057486,23.3535,,
BR:BEND-PC1:OWFS_PROCESS_T,                +26.737115,25.7352,,
BR:BEND-PC1:OWFS_PROCESS_T,                +52.938949,25.2,,
BR:BEND-PC1:OWFS_PROCESS_T,                +90.876561,36.9357,,
BR:BEND-PC1:OWFS_PROCESS_T,               +117.975165,26.0972,,
BR:BEND-PC1:OWFS_PROCESS_T,               +144.174240,25.1959,,
BR:BEND-PC1:OWFS_PROCESS_T,               +175.411581,30.2355,,
BR:BEND-PC1:OWFS_PROCESS_T,               +213.530429,37.117,,
BR:BEND-PC1:OWFS_PROCESS_T,               +238.993111,24.4612,,
BR:BEND-PC1:OWFS_PROCESS_T,               +263.683099,23.6868,,
BR:BEND-PC1:OWFS_PROCESS_T,               +288.161734,23.4766,,
BR:BEND-PC1:OWFS_PROCESS_T,               +316.802737,27.6399,,
BR:BEND-PC1:OWFS_PROCESS_T,               +354.318028,36.5135,,
BR:BEND-PC1:OWFS_PROCESS_T,               +379.789031,24.4692,,
BR:BEND-PC1:OWFS_PROCESS_T,               +404.526696,23.7358,,
BR:BEND-PC1:OWFS_PROCESS_T,               +430.046444,24.5179,,
BR:BEND-PC1:OWFS_PROCESS_T,               +460.580532,29.5323,,
BR:BEND-PC1:OWFS_PROCESS_T,               +501.711295,40.1298,,
BR:BEND-PC1:OWFS_PROCESS_T,               +526.674734,23.9603,,
BR:BEND-PC1:OWFS_PROCESS_T,               +550.779136,23.1026,,
BR:BEND-PC1:OWFS_PROCESS_T,               +577.907576,26.1266,,
BR:BEND-PC1:OWFS_PROCESS_T,               +604.605323,25.6959,,
BR:BEND-PC1:OWFS_PROCESS_T,               +643.188467,37.5817,,
BR:BEND-PC1:OWFS_PROCESS_T,               +667.612269,23.4204,,
BR:BEND-PC1:OWFS_PROCESS_T,               +691.778779,23.165,,
BR:BEND-PC1:OWFS_PROCESS_T,               +718.906612,26.1247,,
BR:BEND-PC1:OWFS_PROCESS_T,               +746.377831,26.4678,,
BR:BEND-PC1:OWFS_PROCESS_T,               +787.153533,39.7738,,
BR:BEND-PC1:OWFS_PROCESS_T,               +814.006632,25.8516,,
BR:BEND-PC1:OWFS_PROCESS_T,               +841.338649,26.3289,,
BR:BEND-PC1:OWFS_PROCESS_T,               +867.387080,25.0469,,
BR:BEND-PC1:OWFS_PROCESS_T,               +905.118203,36.7279,,
BR:BEND-PC1:OWFS_PROCESS_T,               +930.873440,24.7537,,
BR:BEND-PC1:OWFS_PROCESS_T,               +955.204160,23.3279,,
BR:BEND-PC1:OWFS_PROCESS_T,               +982.029026,25.8216,,
BR:BEND-PC1:OWFS_PROCESS_T,              +1008.139760,25.1089,,
BR:BEND-PC1:OWFS_PROCESS_T,              +1046.054924,36.9133,,
BR:BEND-PC1:OWFS_PROCESS_T,              +1072.843144,25.7864,,
BR:BEND-PC1:OWFS_PROCESS_T,              +1099.100261,25.2552,,
BR:BEND-PC1:OWFS_PROCESS_T,              +1130.172350,30.0703,,
BR:BEND-PC1:OWFS_PROCESS_T,              +1168.207017,37.0332,,
BR:BEND-PC1:OWFS_PROCESS_T,              +1193.613908,24.4038,,
BR:BEND-PC1:OWFS_PROCESS_T,              +1218.301874,23.6861,,
BR:BEND-PC1:OWFS_PROCESS_T,              +1242.752424,23.4488,,
BR:BEND-PC1:OWFS_PROCESS_T,              +1271.457684,27.7034,,
BR:BEND-PC1:OWFS_PROCESS_T,              +1308.846965,36.3873,,
BR:BEND-PC1:OWFS_PROCESS_T,              +1334.324820,24.4755,,
BR:BEND-PC1:OWFS_PROCESS_T,              +1359.022285,23.6956,,
BR:BEND-PC1:OWFS_PROCESS_T,              +1384.519905,24.4958,,
BR:BEND-PC1:OWFS_PROCESS_T,              +1415.072634,29.5509,,
BR:BEND-PC1:OWFS_PROCESS_T,              +1456.019031,39.9446,,
BR:BEND-PC1:OWFS_PROCESS_T,              +1480.917811,23.8973,,
BR:BEND-PC1:OWFS_PROCESS_T,              +1505.033246,23.1123,,
BR:BEND-PC1:OWFS_PROCESS_T,              +1531.195348,25.1606,,
BR:BEND-PC1:OWFS_PROCESS_T,              +1558.439005,26.2405,,
BR:BEND-PC1:OWFS_PROCESS_T,              +1596.920375,37.4796,,
BR:BEND-PC1:OWFS_PROCESS_T,              +1621.376123,23.4538,,
BR:BEND-PC1:OWFS_PROCESS_T,              +1645.530628,23.1527,,
BR:BEND-PC1:OWFS_PROCESS_T,              +1671.766649,25.234,,
BR:BEND-PC1:OWFS_PROCESS_T,              +1700.117900,27.3496,,
BR:BEND-PC1:OWFS_PROCESS_T,              +1740.501598,39.3819,,
BR:BEND-PC1:OWFS_PROCESS_T,              +1767.319711,25.8163,,
BR:BEND-PC1:OWFS_PROCESS_T,              +1793.728198,25.4066,,
BR:BEND-PC1:OWFS_PROCESS_T,              +1820.634365,25.9043,,
BR:BEND-PC1:OWFS_PROCESS_T,              +1858.704254,37.0681,,
BR:BEND-PC1:OWFS_PROCESS_T,              +1884.243859,24.5377,,
BR:BEND-PC1:OWFS_PROCESS_T,              +1908.573853,23.3285,,
BR:BEND-PC1:OWFS_PROCESS_T,              +1934.491373,24.9144,,
BR:BEND-PC1:OWFS_PROCESS_T,              +1961.485215,25.992,,
BR:BEND-PC1:OWFS_PROCESS_T,              +1999.469262,36.9822,,
BR:BEND-PC1:OWFS_PROCESS_T,              +2026.059090,25.5884,,
BR:BEND-PC1:OWFS_PROCESS_T,              +2052.327153,25.2653,,
BR:BEND-PC1:OWFS_PROCESS_T,              +2083.484975,30.1547,,
BR:BEND-PC1:OWFS_PROCESS_T,              +2121.593956,37.1071,,
BR:BEND-PC1:OWFS_PROCESS_T,              +2146.801169,24.2054,,
BR:BEND-PC1:OWFS_PROCESS_T,              +2171.487051,23.684,,
BR:BEND-PC1:OWFS_PROCESS_T,              +2195.969393,23.4805,,
BR:BEND-PC1:OWFS_PROCESS_T,              +2224.608796,27.6376,,
BR:BEND-PC1:OWFS_PROCESS_T,              +2262.140377,36.5298,,
BR:BEND-PC1:OWFS_PROCESS_T,              +2287.368034,24.2262,,
BR:BEND-PC1:OWFS_PROCESS_T,              +2312.158930,23.7878,,
BR:BEND-PC1:OWFS_PROCESS_T,              +2337.547581,24.3871,,
BR:BEND-PC1:OWFS_PROCESS_T,              +2368.090717,29.5403,,
BR:BEND-PC1:OWFS_PROCESS_T,              +2405.270357,36.1768,,
BR:BEND-PC1:OWFS_PROCESS_T,              +2430.391900,24.1187,,
BR:BEND-PC1:OWFS_PROCESS_T,              +2454.340822,22.9461,,
BR:BEND-PC1:OWFS_PROCESS_T,              +2478.097698,22.7541,,
BR:BEND-PC1:OWFS_PROCESS_T,              +2506.042894,26.9421,,
BR:BEND-PC1:OWFS_PROCESS_T,              +2542.353478,35.3088,,
BR:BEND-PC1:OWFS_PROCESS_T,              +2567.482282,24.127,,
BR:BEND-PC1:OWFS_PROCESS_T,              +2591.868001,23.3839,,
BR:BEND-PC1:OWFS_PROCESS_T,              +2616.443166,23.5736,,
BR:BEND-PC1:OWFS_PROCESS_T,              +2646.474142,29.0277,,
BR:BEND-PC1:OWFS_PROCESS_T,              +2686.527395,39.0512,,
BR:BEND-PC1:OWFS_PROCESS_T,              +2714.013294,26.4844,,
BR:BEND-PC1:OWFS_PROCESS_T,              +2738.719408,23.7033,,
BR:BEND-PC1:OWFS_PROCESS_T,              +2767.344078,27.6215,,
BR:BEND-PC1:OWFS_PROCESS_T,              +2805.137298,36.7917,,
BR:BEND-PC1:OWFS_PROCESS_T,              +2830.247885,24.1078,,
BR:BEND-PC1:OWFS_PROCESS_T,              +2855.241892,23.9912,,
BR:BEND-PC1:OWFS_PROCESS_T,              +2879.470363,23.2253,,
BR:BEND-PC1:OWFS_PROCESS_T,              +2908.201704,27.7298,,
BR:BEND-PC1:OWFS_PROCESS_T,              +2946.725747,37.5206,,
BR:BEND-PC1:OWFS_PROCESS_T,              +2972.245547,24.5179,,
BR:BEND-PC1:OWFS_PROCESS_T,              +2999.150299,25.9028,,
BR:BEND-PC1:OWFS_PROCESS_T,              +3030.328201,30.1761,,
BR:BEND-PC1:OWFS_PROCESS_T,              +3068.218363,36.8883,,
BR:BEND-PC1:OWFS_PROCESS_T,              +3092.978169,23.7582,,
BR:BEND-PC1:OWFS_PROCESS_T,              +3117.636150,23.6551,,
BR:BEND-PC1:OWFS_PROCESS_T,              +3142.731543,24.0922,,
BR:BEND-PC1:OWFS_PROCESS_T,              +3171.392098,27.6591,,
BR:BEND-PC1:OWFS_PROCESS_T,              +3208.891035,36.4956,,
BR:BEND-PC1:OWFS_PROCESS_T,              +3233.720838,23.8283,,
BR:BEND-PC1:OWFS_PROCESS_T,              +3259.168105,24.4439,,
BR:BEND-PC1:OWFS_PROCESS_T,              +3284.646778,24.4768,,
BR:BEND-PC1:OWFS_PROCESS_T,              +3315.179578,29.5296,,
BR:BEND-PC1:OWFS_PROCESS_T,              +3355.376713,39.1956,,
BR:BEND-PC1:OWFS_PROCESS_T,              +3380.288739,23.9112,,
BR:BEND-PC1:OWFS_PROCESS_T,              +3405.038254,23.7477,,
BR:BEND-PC1:OWFS_PROCESS_T,              +3430.991783,24.9517,,
BR:BEND-PC1:OWFS_PROCESS_T,              +3458.518787,26.5251,,
BR:BEND-PC1:OWFS_PROCESS_T,              +3496.734837,37.2146,,
BR:BEND-PC1:OWFS_PROCESS_T,              +3521.180072,23.4419,,
BR:BEND-PC1:OWFS_PROCESS_T,              +3545.985398,23.8038,,
BR:BEND-PC1:OWFS_PROCESS_T,              +3572.715809,25.727,,
BR:BEND-PC1:OWFS_PROCESS_T,              +3600.576839,26.8591,,
BR:BEND-PC1:OWFS_PROCESS_T,              +3640.492301,38.9136,,
BR:BEND-PC1:OWFS_PROCESS_T,              +3667.947945,26.4529,,
BR:BEND-PC1:OWFS_PROCESS_T,              +3694.216453,25.2661,,
BR:BEND-PC1:OWFS_PROCESS_T,              +3721.347643,26.1294,,
BR:BEND-PC1:OWFS_PROCESS_T,              +3759.156864,36.8074,,
BR:BEND-PC1:OWFS_PROCESS_T,              +3784.048255,23.8896,,
BR:BEND-PC1:OWFS_PROCESS_T,              +3808.986408,23.9362,,
BR:BEND-PC1:OWFS_PROCESS_T,              +3834.720674,24.7325,,
BR:BEND-PC1:OWFS_PROCESS_T,              +3861.893327,26.1708,,
BR:BEND-PC1:OWFS_PROCESS_T,              +3900.606135,37.7109,,
BR:BEND-PC1:OWFS_PROCESS_T,              +3925.845832,24.2379,,
BR:BEND-PC1:OWFS_PROCESS_T,              +3952.746465,25.8987,,
BR:BEND-PC1:OWFS_PROCESS_T,              +3983.772353,30.024,,
BR:BEND-PC1:OWFS_PROCESS_T,              +4021.763650,36.9894,,
BR:BEND-PC1:OWFS_PROCESS_T,              +4046.303633,23.5382,,
BR:BEND-PC1:OWFS_PROCESS_T,              +4070.984562,23.6794,,
BR:BEND-PC1:OWFS_PROCESS_T,              +4096.079815,24.0922,,
BR:BEND-PC1:OWFS_PROCESS_T,              +4124.699517,27.6165,,
BR:BEND-PC1:OWFS_PROCESS_T,              +4162.680417,36.9794,,
BR:BEND-PC1:OWFS_PROCESS_T,              +4187.292034,23.6076,,
BR:BEND-PC1:OWFS_PROCESS_T,              +4212.737058,24.4429,,
BR:BEND-PC1:OWFS_PROCESS_T,              +4238.185796,24.4479,,
BR:BEND-PC1:OWFS_PROCESS_T,              +4268.734789,29.5457,,
BR:BEND-PC1:OWFS_PROCESS_T,              +4309.462330,39.7261,,
BR:BEND-PC1:OWFS_PROCESS_T,              +4334.365137,23.8996,,
BR:BEND-PC1:OWFS_PROCESS_T,              +4359.136553,23.7699,,
BR:BEND-PC1:OWFS_PROCESS_T,              +4387.069729,26.9292,,
BR:BEND-PC1:OWFS_PROCESS_T,              +4412.638235,24.5659,,
BR:BEND-PC1:OWFS_PROCESS_T,              +4450.557729,36.9197,,
BR:BEND-PC1:OWFS_PROCESS_T,              +4474.988917,23.4284,,
BR:BEND-PC1:OWFS_PROCESS_T,              +4499.817674,23.8259,,
BR:BEND-PC1:OWFS_PROCESS_T,              +4528.421761,27.6013,,
BR:BEND-PC1:OWFS_PROCESS_T,              +4554.377652,24.9527,,
BR:BEND-PC1:OWFS_PROCESS_T,              +4594.262973,38.8838,,
BR:BEND-PC1:OWFS_PROCESS_T,              +4621.670814,26.4044,,
BR:BEND-PC1:OWFS_PROCESS_T,              +4649.896648,27.2239,,
BR:BEND-PC1:OWFS_PROCESS_T,              +4675.058938,24.1606,,
BR:BEND-PC1:OWFS_PROCESS_T,              +4713.473947,37.4135,,
BR:BEND-PC1:OWFS_PROCESS_T,              +4737.944697,23.4666,,
BR:BEND-PC1:OWFS_PROCESS_T,              +4762.928868,23.982,,
BR:BEND-PC1:OWFS_PROCESS_T,              +4790.887704,26.9573,,
BR:BEND-PC1:OWFS_PROCESS_T,              +4816.120444,24.2302,,
BR:BEND-PC1:OWFS_PROCESS_T,              +4855.060456,37.9395,,
BR:BEND-PC1:OWFS_PROCESS_T,              +4879.868726,23.806,,
BR:BEND-PC1:OWFS_PROCESS_T,              +4906.771462,25.9009,,
BR:BEND-PC1:OWFS_PROCESS_T,              +4937.937333,30.1618,,
BR:BEND-PC1:OWFS_PROCESS_T,              +4976.598341,37.66,,
BR:BEND-PC1:OWFS_PROCESS_T,              +5000.726093,23.1258,,
BR:BEND-PC1:OWFS_PROCESS_T,              +5026.060747,24.333,,
BR:BEND-PC1:OWFS_PROCESS_T,              +5050.534818,23.4714,,
BR:BEND-PC1:OWFS_PROCESS_T,              +5079.291605,27.7549,,
BR:BEND-PC1:OWFS_PROCESS_T,              +5117.584148,37.2916,,
BR:BEND-PC1:OWFS_PROCESS_T,              +5141.807730,23.2218,,
BR:BEND-PC1:OWFS_PROCESS_T,              +5167.817794,25.0075,,
BR:BEND-PC1:OWFS_PROCESS_T,              +5192.618555,23.7979,,
BR:BEND-PC1:OWFS_PROCESS_T,              +5223.137911,29.5194,,
BR:BEND-PC1:OWFS_PROCESS_T,              +5263.424616,39.2835,,
BR:BEND-PC1:OWFS_PROCESS_T,              +5288.978931,24.5525,,
BR:BEND-PC1:OWFS_PROCESS_T,              +5313.084626,23.1039,,
BR:BEND-PC1:OWFS_PROCESS_T,              +5339.113023,25.0269,,
BR:BEND-PC1:OWFS_PROCESS_T,              +5366.602076,26.4859,,
BR:BEND-PC1:OWFS_PROCESS_T,              +5404.638597,37.034,,
BR:BEND-PC1:OWFS_PROCESS_T,              +5429.757077,24.1154,,
BR:BEND-PC1:OWFS_PROCESS_T,              +5453.976631,23.2189,,
BR:BEND-PC1:OWFS_PROCESS_T,              +5480.642734,25.6643,,
BR:BEND-PC1:OWFS_PROCESS_T,              +5508.432522,26.788,,
BR:BEND-PC1:OWFS_PROCESS_T,              +5548.016967,38.5823,,
BR:BEND-PC1:OWFS_PROCESS_T,              +5575.659911,26.6411,,
BR:BEND-PC1:OWFS_PROCESS_T,              +5601.894761,25.2334,,
BR:BEND-PC1:OWFS_PROCESS_T,              +5629.062857,26.1652,,
BR:BEND-PC1:OWFS_PROCESS_T,              +5667.618979,37.5544,,
BR:BEND-PC1:OWFS_PROCESS_T,              +5692.307783,23.687,,
BR:BEND-PC1:OWFS_PROCESS_T,              +5717.036095,23.7261,,
BR:BEND-PC1:OWFS_PROCESS_T,              +5742.772255,24.7344,,
BR:BEND-PC1:OWFS_PROCESS_T,              +5770.072999,26.2976,,
BR:BEND-PC1:OWFS_PROCESS_T,              +5808.899364,37.8237,,
BR:BEND-PC1:OWFS_PROCESS_T,              +5833.907928,24.0069,,
BR:BEND-PC1:OWFS_PROCESS_T,              +5860.601291,25.6919,,
BR:BEND-PC1:OWFS_PROCESS_T,              +5891.931462,30.3262,,
BR:BEND-PC1:OWFS_PROCESS_T,              +5930.448776,37.5164,,
BR:BEND-PC1:OWFS_PROCESS_T,              +5954.801334,23.349,,
BR:BEND-PC1:OWFS_PROCESS_T,              +5979.697431,23.8944,,
BR:BEND-PC1:OWFS_PROCESS_T,              +6004.375619,23.675,,
BR:BEND-PC1:OWFS_PROCESS_T,              +6033.121930,27.7429,,
BR:BEND-PC1:OWFS_PROCESS_T,              +6071.282331,37.1601,,
BR:BEND-PC1:OWFS_PROCESS_T,              +6095.740084,23.4557,,
BR:BEND-PC1:OWFS_PROCESS_T,              +6121.375236,24.6334,,
BR:BEND-PC1:OWFS_PROCESS_T,              +6146.397378,24.0206,,
BR:BEND-PC1:OWFS_PROCESS_T,              +6177.169379,29.7689,,
BR:BEND-PC1:OWFS_PROCESS_T,              +6217.561797,39.3909,,
BR:BEND-PC1:OWFS_PROCESS_T,              +6242.888156,24.3233,,
BR:BEND-PC1:OWFS_PROCESS_T,              +6267.205408,23.3154,,
BR:BEND-PC1:OWFS_PROCESS_T,              +6293.433551,25.2266,,
BR:BEND-PC1:OWFS_PROCESS_T,              +6320.747206,26.3104,,
BR:BEND-PC1:OWFS_PROCESS_T,              +6358.951835,37.2028,,
BR:BEND-PC1:OWFS_PROCESS_T,              +6383.820511,23.8668,,
BR:BEND-PC1:OWFS_PROCESS_T,              +6408.242677,23.4195,,
BR:BEND-PC1:OWFS_PROCESS_T,              +6435.076575,25.8323,,
BR:BEND-PC1:OWFS_PROCESS_T,              +6462.718804,26.6401,,
BR:BEND-PC1:OWFS_PROCESS_T,              +6502.872212,39.1516,,
BR:BEND-PC1:OWFS_PROCESS_T,              +6530.361569,26.4863,,
BR:BEND-PC1:OWFS_PROCESS_T,              +6556.797345,25.435,,
BR:BEND-PC1:OWFS_PROCESS_T,              +6583.745484,25.9462,,
BR:BEND-PC1:OWFS_PROCESS_T,              +6622.380736,37.6322,,
BR:BEND-PC1:OWFS_PROCESS_T,              +6646.854956,23.4729,,
BR:BEND-PC1:OWFS_PROCESS_T,              +6671.834266,23.9774,,
BR:BEND-PC1:OWFS_PROCESS_T,              +6697.763912,24.9279,,
BR:BEND-PC1:OWFS_PROCESS_T,              +6724.772290,26.0056,,
BR:BEND-PC1:OWFS_PROCESS_T,              +6763.997808,38.2245,,
BR:BEND-PC1:OWFS_PROCESS_T,              +6788.822519,23.8229,,
BR:BEND-PC1:OWFS_PROCESS_T,              +6815.726983,25.9026,,
BR:BEND-PC1:OWFS_PROCESS_T,              +6846.830594,30.1026,,
BR:BEND-PC1:OWFS_PROCESS_T,              +6885.438003,37.604,,
BR:BEND-PC1:OWFS_PROCESS_T,              +6909.555381,23.1155,,
BR:BEND-PC1:OWFS_PROCESS_T,              +6934.684221,24.1257,,
BR:BEND-PC1:OWFS_PROCESS_T,              +6959.380383,23.6945,,
BR:BEND-PC1:OWFS_PROCESS_T,              +6988.071016,27.6893,,
BR:BEND-PC1:OWFS_PROCESS_T,              +7026.080969,37.0088,,
BR:BEND-PC1:OWFS_PROCESS_T,              +7050.298074,23.2123,,
BR:BEND-PC1:OWFS_PROCESS_T,              +7076.113320,24.8152,,
BR:BEND-PC1:OWFS_PROCESS_T,              +7101.143020,24.0261,,
BR:BEND-PC1:OWFS_PROCESS_T,              +7131.768969,29.623,,
BR:BEND-PC1:OWFS_PROCESS_T,              +7172.135041,39.3649,,
BR:BEND-PC1:OWFS_PROCESS_T,              +7197.465702,24.3292,,
BR:BEND-PC1:OWFS_PROCESS_T,              +7221.794000,23.3251,,
BR:BEND-PC1:OWFS_PROCESS_T,              +7248.638242,25.8427,,
BR:BEND-PC1:OWFS_PROCESS_T,              +7275.240941,25.5996,,
BR:BEND-PC1:OWFS_PROCESS_T,              +7313.238351,36.9965,,
BR:BEND-PC1:OWFS_PROCESS_T,              +7338.125088,23.8849,,
BR:BEND-PC1:OWFS_PROCESS_T,              +7362.543499,23.4166,,
BR:BEND-PC1:OWFS_PROCESS_T,              +7390.331577,26.7863,,
BR:BEND-PC1:OWFS_PROCESS_T,              +7417.296934,25.9634,,
BR:BEND-PC1:OWFS_PROCESS_T,              +7457.126612,38.8282,,
BR:BEND-PC1:OWFS_PROCESS_T,              +7484.580194,26.4507,,
BR:BEND-PC1:OWFS_PROCESS_T,              +7511.695650,26.1126,,
BR:BEND-PC1:OWFS_PROCESS_T,              +7537.941585,25.2426,,
BR:BEND-PC1:OWFS_PROCESS_T,              +7575.370274,36.4269,,
BR:BEND-PC1:OWFS_PROCESS_T,              +7600.681770,24.3097,,
BR:BEND-PC1:OWFS_PROCESS_T,              +7625.633372,23.9497,,
BR:BEND-PC1:OWFS_PROCESS_T,              +7652.272787,25.6376,,
BR:BEND-PC1:OWFS_PROCESS_T,              +7678.668753,25.3945,,
BR:BEND-PC1:OWFS_PROCESS_T,              +7716.899884,37.2284,,
BR:BEND-PC1:OWFS_PROCESS_T,              +7742.565495,24.6625,,
BR:BEND-PC1:OWFS_PROCESS_T,              +7769.457567,25.8902,,
BR:BEND-PC1:OWFS_PROCESS_T,              +7800.891100,30.4316,,
BR:BEND-PC1:OWFS_PROCESS_T,              +7838.486381,36.5933,,
BR:BEND-PC1:OWFS_PROCESS_T,              +7863.447525,23.9594,,
BR:BEND-PC1:OWFS_PROCESS_T,              +7888.158514,23.7091,,
BR:BEND-PC1:OWFS_PROCESS_T,              +7913.303993,24.1437,,
BR:BEND-PC1:OWFS_PROCESS_T,              +7941.953010,27.6472,,
BR:BEND-PC1:OWFS_PROCESS_T,              +7979.223852,36.2694,,
BR:BEND-PC1:OWFS_PROCESS_T,              +8004.296530,24.0698,,
BR:BEND-PC1:OWFS_PROCESS_T,              +8029.679862,24.3802,,
BR:BEND-PC1:OWFS_PROCESS_T,              +8055.178110,24.4964,,
BR:BEND-PC1:OWFS_PROCESS_T,              +8085.709987,29.53,,
BR:BEND-PC1:OWFS_PROCESS_T,              +8126.279516,39.5673,,
BR:BEND-PC1:OWFS_PROCESS_T,              +8151.210963,23.9299,,
BR:BEND-PC1:OWFS_PROCESS_T,              +8176.011753,23.799,,
BR:BEND-PC1:OWFS_PROCESS_T,              +8203.096019,26.0824,,
BR:BEND-PC1:OWFS_PROCESS_T,              +8229.495784,25.398,,
BR:BEND-PC1:OWFS_PROCESS_T,              +8267.341688,36.844,,
BR:BEND-PC1:OWFS_PROCESS_T,              +8291.785728,23.4422,,
BR:BEND-PC1:OWFS_PROCESS_T,              +8316.639032,23.8514,,
BR:BEND-PC1:OWFS_PROCESS_T,              +8344.284029,26.6435,,
BR:BEND-PC1:OWFS_PROCESS_T,              +8371.118058,25.8312,,
BR:BEND-PC1:OWFS_PROCESS_T,              +8411.298909,39.1781,,
BR:BEND-PC1:OWFS_PROCESS_T,              +8438.777837,26.4758,,
BR:BEND-PC1:OWFS_PROCESS_T,              +8466.048194,26.2685,,
BR:BEND-PC1:OWFS_PROCESS_T,              +8492.105436,25.0554,,
BR:BEND-PC1:OWFS_PROCESS_T,              +8530.496370,37.389,,
BR:BEND-PC1:OWFS_PROCESS_T,              +8554.959525,23.4614,,
BR:BEND-PC1:OWFS_PROCESS_T,              +8579.909860,23.9485,,
BR:BEND-PC1:OWFS_PROCESS_T,              +8606.730532,25.8192,,
BR:BEND-PC1:OWFS_PROCESS_T,              +8632.914108,25.1805,,
BR:BEND-PC1:OWFS_PROCESS_T,              +8672.066182,38.1502,,
BR:BEND-PC1:OWFS_PROCESS_T,              +8696.883232,23.8153,,
BR:BEND-PC1:OWFS_PROCESS_T,              +8723.764513,25.8794,,
BR:BEND-PC1:OWFS_PROCESS_T,              +8754.778487,30.0121,,
BR:BEND-PC1:OWFS_PROCESS_T,              +8793.336968,37.5566,,
BR:BEND-PC1:OWFS_PROCESS_T,              +8817.459092,23.1206,,
BR:BEND-PC1:OWFS_PROCESS_T,              +8842.153409,23.6912,,
BR:BEND-PC1:OWFS_PROCESS_T,              +8867.274929,24.12,,
BR:BEND-PC1:OWFS_PROCESS_T,              +8895.894497,27.6167,,
BR:BEND-PC1:OWFS_PROCESS_T,              +8934.160653,37.263,,
BR:BEND-PC1:OWFS_PROCESS_T,              +8958.387519,23.225,,
BR:BEND-PC1:OWFS_PROCESS_T,              +8984.286953,24.8974,,
BR:BEND-PC1:OWFS_PROCESS_T,              +9009.772345,24.4831,,
BR:BEND-PC1:OWFS_PROCESS_T,              +9040.438281,29.6641,,
BR:BEND-PC1:OWFS_PROCESS_T,              +9080.683884,39.2437,,
BR:BEND-PC1:OWFS_PROCESS_T,              +9105.605195,23.9195,,
BR:BEND-PC1:OWFS_PROCESS_T,              +9130.382695,23.776,,
BR:BEND-PC1:OWFS_PROCESS_T,              +9157.247635,25.8618,,
BR:BEND-PC1:OWFS_PROCESS_T,              +9183.868736,25.6193,,
BR:BEND-PC1:OWFS_PROCESS_T,              +9221.888268,37.0181,,
BR:BEND-PC1:OWFS_PROCESS_T,              +9246.322736,23.4313,,
BR:BEND-PC1:OWFS_PROCESS_T,              +9271.216191,23.8915,,
BR:BEND-PC1:OWFS_PROCESS_T,              +9298.724966,26.507,,
BR:BEND-PC1:OWFS_PROCESS_T,              +9325.721108,25.9946,,
BR:BEND-PC1:OWFS_PROCESS_T,              +9365.575012,38.8508,,
BR:BEND-PC1:OWFS_PROCESS_T,              +9393.007452,26.4306,,
BR:BEND-PC1:OWFS_PROCESS_T,              +9420.057236,26.0476,,
BR:BEND-PC1:OWFS_PROCESS_T,              +9446.560760,25.5017,,
BR:BEND-PC1:OWFS_PROCESS_T,              +9484.518162,36.9556,,
BR:BEND-PC1:OWFS_PROCESS_T,              +9509.427664,23.9076,,
BR:BEND-PC1:OWFS_PROCESS_T,              +9534.431314,24.0018,,
BR:BEND-PC1:OWFS_PROCESS_T,              +9561.011602,25.5785,,
BR:BEND-PC1:OWFS_PROCESS_T,              +9587.405729,25.3923,,
BR:BEND-PC1:OWFS_PROCESS_T,              +9626.108261,37.7009,,
BR:BEND-PC1:OWFS_PROCESS_T,              +9651.348193,24.2367,,
BR:BEND-PC1:OWFS_PROCESS_T,              +9678.311764,25.9621,,
BR:BEND-PC1:OWFS_PROCESS_T,              +9709.474271,30.1597,,
BR:BEND-PC1:OWFS_PROCESS_T,              +9747.679373,37.2019,,
BR:BEND-PC1:OWFS_PROCESS_T,              +9772.207284,23.5264,,
BR:BEND-PC1:OWFS_PROCESS_T,              +9796.892887,23.6825,,
BR:BEND-PC1:OWFS_PROCESS_T,              +9822.004180,24.1098,,
BR:BEND-PC1:OWFS_PROCESS_T,              +9850.739896,27.7325,,
BR:BEND-PC1:OWFS_PROCESS_T,              +9888.615618,36.8739,,
BR:BEND-PC1:OWFS_PROCESS_T,              +9913.299586,23.6821,,
BR:BEND-PC1:OWFS_PROCESS_T,              +9938.700830,24.3997,,
BR:BEND-PC1:OWFS_PROCESS_T,              +9964.196139,24.4921,,
BR:BEND-PC1:OWFS_PROCESS_T,              +9994.818376,29.6204,,
BR:BEND-PC1:OWFS_PROCESS_T,              +10035.166843,39.3466,,
BR:BEND-PC1:OWFS_PROCESS_T,              +10060.080005,23.9123,,
BR:BEND-PC1:OWFS_PROCESS_T,              +10084.852278,23.7702,,
BR:BEND-PC1:OWFS_PROCESS_T,              +10111.924059,26.07,,
BR:BEND-PC1:OWFS_PROCESS_T,              +10138.366540,25.4405,,
BR:BEND-PC1:OWFS_PROCESS_T,              +10176.392215,37.0242,,
BR:BEND-PC1:OWFS_PROCESS_T,              +10200.812549,23.4175,,
BR:BEND-PC1:OWFS_PROCESS_T,              +10225.666580,23.8512,,
BR:BEND-PC1:OWFS_PROCESS_T,              +10253.378052,26.7086,,
BR:BEND-PC1:OWFS_PROCESS_T,              +10280.187245,25.8059,,
BR:BEND-PC1:OWFS_PROCESS_T,              +10320.181821,38.9928,,
BR:BEND-PC1:OWFS_PROCESS_T,              +10347.655840,26.4721,,
BR:BEND-PC1:OWFS_PROCESS_T,              +10374.951854,26.2942,,
BR:BEND-PC1:OWFS_PROCESS_T,              +10401.025012,25.0713,,
BR:BEND-PC1:OWFS_PROCESS_T,              +10438.345251,36.3184,,
BR:BEND-PC1:OWFS_PROCESS_T,              +10463.666626,24.3193,,
BR:BEND-PC1:OWFS_PROCESS_T,              +10488.645782,23.9779,,
BR:BEND-PC1:OWFS_PROCESS_T,              +10515.533064,25.8837,,
BR:BEND-PC1:OWFS_PROCESS_T,              +10541.701473,25.1666,,
BR:BEND-PC1:OWFS_PROCESS_T,              +10579.798112,37.0948,,
BR:BEND-PC1:OWFS_PROCESS_T,              +10605.486342,24.6866,,
BR:BEND-PC1:OWFS_PROCESS_T,              +10632.404390,25.9149,,
BR:BEND-PC1:OWFS_PROCESS_T,              +10663.597138,30.1908,,
BR:BEND-PC1:OWFS_PROCESS_T,              +10701.772444,37.1738,,
BR:BEND-PC1:OWFS_PROCESS_T,              +10726.718190,23.9427,,
BR:BEND-PC1:OWFS_PROCESS_T,              +10752.260790,24.5392,,
BR:BEND-PC1:OWFS_PROCESS_T,              +10776.719013,23.4564,,
BR:BEND-PC1:OWFS_PROCESS_T,              +10805.338833,27.618,,
BR:BEND-PC1:OWFS_PROCESS_T,              +10842.559781,36.2191,,
BR:BEND-PC1:OWFS_PROCESS_T,              +10867.647892,24.0863,,
BR:BEND-PC1:OWFS_PROCESS_T,              +10893.696662,25.0469,,
BR:BEND-PC1:OWFS_PROCESS_T,              +10918.515485,23.817,,
BR:BEND-PC1:OWFS_PROCESS_T,              +10949.323423,29.8061,,
BR:BEND-PC1:OWFS_PROCESS_T,              +10989.988058,39.6628,,
BR:BEND-PC1:OWFS_PROCESS_T,              +11015.531785,24.5419,,
BR:BEND-PC1:OWFS_PROCESS_T,              +11039.627702,23.094,,
BR:BEND-PC1:OWFS_PROCESS_T,              +11066.877442,26.2482,,
BR:BEND-PC1:OWFS_PROCESS_T,              +11093.125777,25.2452,,
BR:BEND-PC1:OWFS_PROCESS_T,              +11131.159408,37.0321,,
BR:BEND-PC1:OWFS_PROCESS_T,              +11156.240829,24.0782,,
BR:BEND-PC1:OWFS_PROCESS_T,              +11180.460341,23.2176,,
BR:BEND-PC1:OWFS_PROCESS_T,              +11208.381049,26.9192,,
BR:BEND-PC1:OWFS_PROCESS_T,              +11234.895298,25.5111,,
BR:BEND-PC1:OWFS_PROCESS_T,              +11274.844792,38.9477,,
BR:BEND-PC1:OWFS_PROCESS_T,              +11302.253753,26.4071,,
BR:BEND-PC1:OWFS_PROCESS_T,              +11329.745645,26.4904,,
BR:BEND-PC1:OWFS_PROCESS_T,              +11355.570328,24.8214,,
BR:BEND-PC1:OWFS_PROCESS_T,              +11392.903410,36.3316,,
BR:BEND-PC1:OWFS_PROCESS_T,              +11418.217137,24.3105,,
BR:BEND-PC1:OWFS_PROCESS_T,              +11443.197912,23.9788,,
BR:BEND-PC1:OWFS_PROCESS_T,              +11470.219433,26.0198,,
BR:BEND-PC1:OWFS_PROCESS_T,              +11496.211407,24.9901,,
BR:BEND-PC1:OWFS_PROCESS_T,              +11534.356258,37.1429,,
BR:BEND-PC1:OWFS_PROCESS_T,              +11560.060847,24.7029,,
BR:BEND-PC1:OWFS_PROCESS_T,              +11586.952775,25.8901,,
BR:BEND-PC1:OWFS_PROCESS_T,              +11618.071511,30.1169,,
BR:BEND-PC1:OWFS_PROCESS_T,              +11655.076808,36.0034,,
BR:BEND-PC1:OWFS_PROCESS_T,              +11680.075735,23.9972,,
BR:BEND-PC1:OWFS_PROCESS_T,              +11704.789591,23.7118,,
BR:BEND-PC1:OWFS_PROCESS_T,              +11729.896471,24.1052,,
BR:BEND-PC1:OWFS_PROCESS_T,              +11758.640144,27.7419,,
BR:BEND-PC1:OWFS_PROCESS_T,              +11795.947740,36.3058,,
BR:BEND-PC1:OWFS_PROCESS_T,              +11821.023929,24.0743,,
BR:BEND-PC1:OWFS_PROCESS_T,              +11846.370307,24.3446,,
BR:BEND-PC1:OWFS_PROCESS_T,              +11871.832616,24.4605,,
BR:BEND-PC1:OWFS_PROCESS_T,              +11902.637867,29.8034,,
BR:BEND-PC1:OWFS_PROCESS_T,              +11942.839425,39.1998,,
BR:BEND-PC1:OWFS_PROCESS_T,              +11967.750979,23.9095,,
BR:BEND-PC1:OWFS_PROCESS_T,              +11992.766640,24.0139,,
BR:BEND-PC1:OWFS_PROCESS_T,              +12019.639305,25.8709,,
BR:BEND-PC1:OWFS_PROCESS_T,              +12046.222634,25.5815,,
BR:BEND-PC1:OWFS_PROCESS_T,              +12084.014994,36.7905,,
BR:BEND-PC1:OWFS_PROCESS_T,              +12108.453719,23.4369,,
BR:BEND-PC1:OWFS_PROCESS_T,              +12133.356080,23.9004,,
BR:BEND-PC1:OWFS_PROCESS_T,              +12160.826775,26.4692,,
BR:BEND-PC1:OWFS_PROCESS_T,              +12187.771367,25.9414,,
BR:BEND-PC1:OWFS_PROCESS_T,              +12227.775778,39.0029,,
BR:BEND-PC1:OWFS_PROCESS_T,              +12255.227656,26.4479,,
BR:BEND-PC1:OWFS_PROCESS_T,              +12282.313711,26.0848,,
BR:BEND-PC1:OWFS_PROCESS_T,              +12308.545406,25.2299,,
BR:BEND-PC1:OWFS_PROCESS_T,              +12346.256206,36.7089,,
BR:BEND-PC1:OWFS_PROCESS_T,              +12371.384419,24.1268,,
BR:BEND-PC1:OWFS_PROCESS_T,              +12396.362166,23.9747,,
BR:BEND-PC1:OWFS_PROCESS_T,              +12422.994587,25.6294,,
BR:BEND-PC1:OWFS_PROCESS_T,              +12449.343803,25.346,,
BR:BEND-PC1:OWFS_PROCESS_T,              +12487.874636,37.529,,
BR:BEND-PC1:OWFS_PROCESS_T,              +12513.376885,24.5004,,
BR:BEND-PC1:OWFS_PROCESS_T,              +12540.323434,25.945,,
BR:BEND-PC1:OWFS_PROCESS_T,              +12571.580239,30.2544,,
BR:BEND-PC1:OWFS_PROCESS_T,              +12609.678853,37.0958,,
BR:BEND-PC1:OWFS_PROCESS_T,              +12634.430045,23.7479,,
BR:BEND-PC1:OWFS_PROCESS_T,              +12659.130294,23.6988,,
BR:BEND-PC1:OWFS_PROCESS_T,              +12684.270176,24.1367,,
BR:BEND-PC1:OWFS_PROCESS_T,              +12712.888666,27.6167,,
BR:BEND-PC1:OWFS_PROCESS_T,              +12750.546649,36.6565,,
BR:BEND-PC1:OWFS_PROCESS_T,              +12775.432473,23.8825,,
BR:BEND-PC1:OWFS_PROCESS_T,              +12800.814571,24.3802,,
BR:BEND-PC1:OWFS_PROCESS_T,              +12826.287854,24.4715,,
BR:BEND-PC1:OWFS_PROCESS_T,              +12856.956622,29.6669,,
BR:BEND-PC1:OWFS_PROCESS_T,              +12897.120343,39.162,,
BR:BEND-PC1:OWFS_PROCESS_T,              +12922.065104,23.9433,,
BR:BEND-PC1:OWFS_PROCESS_T,              +12946.815567,23.7474,,
BR:BEND-PC1:OWFS_PROCESS_T,              +12973.464267,25.6454,,
BR:BEND-PC1:OWFS_PROCESS_T,              +13000.239416,25.7736,,
BR:BEND-PC1:OWFS_PROCESS_T,              +13038.405661,37.1634,,
BR:BEND-PC1:OWFS_PROCESS_T,              +13062.838280,23.4293,,
BR:BEND-PC1:OWFS_PROCESS_T,              +13087.687853,23.8478,,
BR:BEND-PC1:OWFS_PROCESS_T,              +13115.056863,26.3671,,
BR:BEND-PC1:OWFS_PROCESS_T,              +13142.247863,26.1892,,
BR:BEND-PC1:OWFS_PROCESS_T,              +13182.448022,39.1987,,
BR:BEND-PC1:OWFS_PROCESS_T,              +13209.901009,26.4496,,
BR:BEND-PC1:OWFS_PROCESS_T,              +13236.715434,25.8129,,
BR:BEND-PC1:OWFS_PROCESS_T,              +13263.242006,25.5234,,
BR:BEND-PC1:OWFS_PROCESS_T,              +13301.622105,37.3786,,
BR:BEND-PC1:OWFS_PROCESS_T,              +13326.315985,23.6907,,
BR:BEND-PC1:OWFS_PROCESS_T,              +13351.310999,23.9932,,
BR:BEND-PC1:OWFS_PROCESS_T,              +13377.694546,25.3817,,
BR:BEND-PC1:OWFS_PROCESS_T,              +13404.371116,25.6748,,
BR:BEND-PC1:OWFS_PROCESS_T,              +13443.690943,38.3167,,
BR:BEND-PC1:OWFS_PROCESS_T,              +13468.720159,24.0264,,
BR:BEND-PC1:OWFS_PROCESS_T,              +13495.604611,25.8812,,
BR:BEND-PC1:OWFS_PROCESS_T,              +13526.817763,30.2114,,
BR:BEND-PC1:OWFS_PROCESS_T,              +13565.065653,37.2464,,
BR:BEND-PC1:OWFS_PROCESS_T,              +13589.399852,23.3309,,
BR:BEND-PC1:OWFS_PROCESS_T,              +13614.078478,23.6768,,
BR:BEND-PC1:OWFS_PROCESS_T,              +13639.230989,24.1507,,
BR:BEND-PC1:OWFS_PROCESS_T,              +13667.931793,27.6989,,
BR:BEND-PC1:OWFS_PROCESS_T,              +13705.703815,36.7703,,
BR:BEND-PC1:OWFS_PROCESS_T,              +13730.122346,23.4167,,
BR:BEND-PC1:OWFS_PROCESS_T,              +13755.449491,24.3253,,
BR:BEND-PC1:OWFS_PROCESS_T,              +13780.888642,24.4376,,
BR:BEND-PC1:OWFS_PROCESS_T,              +13811.354825,29.4627,,
BR:BEND-PC1:OWFS_PROCESS_T,              +13851.497586,39.141,,
BR:BEND-PC1:OWFS_PROCESS_T,              +13876.399847,23.9005,,
BR:BEND-PC1:OWFS_PROCESS_T,              +13901.147281,23.7455,,
BR:BEND-PC1:OWFS_PROCESS_T,              +13926.469699,24.3206,,
BR:BEND-PC1:OWFS_PROCESS_T,              +13954.601300,27.1306,,
BR:BEND-PC1:OWFS_PROCESS_T,              +13992.609605,37.0051,,
BR:BEND-PC1:OWFS_PROCESS_T,              +14017.044913,23.4334,,
BR:BEND-PC1:OWFS_PROCESS_T,              +14041.932329,23.8856,,
BR:BEND-PC1:OWFS_PROCESS_T,              +14067.988164,25.0543,,
BR:BEND-PC1:OWFS_PROCESS_T,              +14096.554987,27.5636,,
BR:BEND-PC1:OWFS_PROCESS_T,              +14136.430919,38.8741,,
BR:BEND-PC1:OWFS_PROCESS_T,              +14163.855710,26.423,,
BR:BEND-PC1:OWFS_PROCESS_T,              +14189.404801,24.5476,,
BR:BEND-PC1:OWFS_PROCESS_T,              +14217.150965,26.7431,,
BR:BEND-PC1:OWFS_PROCESS_T,              +14255.450322,37.2975,,
BR:BEND-PC1:OWFS_PROCESS_T,              +14280.124533,23.6724,,
BR:BEND-PC1:OWFS_PROCESS_T,              +14305.098601,23.9722,,
BR:BEND-PC1:OWFS_PROCESS_T,              +14329.709594,23.6075,,
BR:BEND-PC1:OWFS_PROCESS_T,              +14357.556585,26.8467,,
BR:BEND-PC1:OWFS_PROCESS_T,              +14396.262015,37.7041,,
BR:BEND-PC1:OWFS_PROCESS_T,              +14421.283966,24.0189,,
BR:BEND-PC1:OWFS_PROCESS_T,              +14448.199242,25.9125,,
BR:BEND-PC1:OWFS_PROCESS_T,              +14479.422451,30.22,,
BR:BEND-PC1:OWFS_PROCESS_T,              +14517.967441,37.5432,,
BR:BEND-PC1:OWFS_PROCESS_T,              +14542.278988,23.3097,,
BR:BEND-PC1:OWFS_PROCESS_T,              +14566.971504,23.6907,,
BR:BEND-PC1:OWFS_PROCESS_T,              +14592.118433,24.1451,,
BR:BEND-PC1:OWFS_PROCESS_T,              +14620.803790,27.6835,,
BR:BEND-PC1:OWFS_PROCESS_T,              +14658.743434,36.9378,,
BR:BEND-PC1:OWFS_PROCESS_T,              +14683.196643,23.4514,,
BR:BEND-PC1:OWFS_PROCESS_T,              +14708.549946,24.3515,,
BR:BEND-PC1:OWFS_PROCESS_T,              +14734.007975,24.4562,,
BR:BEND-PC1:OWFS_PROCESS_T,              +14764.506092,29.4962,,
BR:BEND-PC1:OWFS_PROCESS_T,              +14804.978136,39.4703,,
BR:BEND-PC1:OWFS_PROCESS_T,              +14829.900358,23.9207,,
BR:BEND-PC1:OWFS_PROCESS_T,              +14854.920143,24.0167,,
BR:BEND-PC1:OWFS_PROCESS_T,              +14881.974617,26.0513,,
BR:BEND-PC1:OWFS_PROCESS_T,              +14908.345810,25.3694,,
BR:BEND-PC1:OWFS_PROCESS_T,              +14946.279178,36.9323,,
BR:BEND-PC1:OWFS_PROCESS_T,              +14970.766578,23.4843,,
BR:BEND-PC1:OWFS_PROCESS_T,              +14995.636778,23.867,,
BR:BEND-PC1:OWFS_PROCESS_T,              +15023.401475,26.763,,
BR:BEND-PC1:OWFS_PROCESS_T,              +15050.197908,25.7944,,
BR:BEND-PC1:OWFS_PROCESS_T,              +15090.193547,38.9939,,
BR:BEND-PC1:OWFS_PROCESS_T,              +15117.651799,26.4564,,
BR:BEND-PC1:OWFS_PROCESS_T,              +15144.961250,26.3079,,
BR:BEND-PC1:OWFS_PROCESS_T,              +15170.985088,25.0207,,
BR:BEND-PC1:OWFS_PROCESS_T,              +15209.117620,37.1307,,
BR:BEND-PC1:OWFS_PROCESS_T,              +15233.817071,23.6959,,
BR:BEND-PC1:OWFS_PROCESS_T,              +15258.800862,23.9815,,
BR:BEND-PC1:OWFS_PROCESS_T,              +15285.605153,25.8024,,
BR:BEND-PC1:OWFS_PROCESS_T,              +15311.815198,25.2082,,
BR:BEND-PC1:OWFS_PROCESS_T,              +15350.672537,37.8555,,
BR:BEND-PC1:OWFS_PROCESS_T,              +15375.695052,24.0206,,
BR:BEND-PC1:OWFS_PROCESS_T,              +15402.603743,25.9069,,
BR:BEND-PC1:OWFS_PROCESS_T,              +15433.822513,30.2169,,
BR:BEND-PC1:OWFS_PROCESS_T,              +15472.396363,37.5723,,
BR:BEND-PC1:OWFS_PROCESS_T,              +15496.724294,23.3248,,
BR:BEND-PC1:OWFS_PROCESS_T,              +15522.301083,24.5753,,
BR:BEND-PC1:OWFS_PROCESS_T,              +15546.771991,23.4678,,
BR:BEND-PC1:OWFS_PROCESS_T,              +15575.452085,27.6786,,
BR:BEND-PC1:OWFS_PROCESS_T,              +15613.569101,37.1139,,
BR:BEND-PC1:OWFS_PROCESS_T,              +15638.004587,23.4336,,
BR:BEND-PC1:OWFS_PROCESS_T,              +15664.029563,25.0231,,
BR:BEND-PC1:OWFS_PROCESS_T,              +15688.833599,23.8022,,
BR:BEND-PC1:OWFS_PROCESS_T,              +15719.497329,29.6619,,
BR:BEND-PC1:OWFS_PROCESS_T,              +15760.204968,39.7058,,
BR:BEND-PC1:OWFS_PROCESS_T,              +15785.755814,24.549,,
BR:BEND-PC1:OWFS_PROCESS_T,              +15809.855806,23.0981,,
BR:BEND-PC1:OWFS_PROCESS_T,              +15837.171983,26.3143,,
BR:BEND-PC1:OWFS_PROCESS_T,              +15863.421401,25.2476,,
BR:BEND-PC1:OWFS_PROCESS_T,              +15901.789030,37.3662,,
BR:BEND-PC1:OWFS_PROCESS_T,              +15926.884624,24.0925,,
BR:BEND-PC1:OWFS_PROCESS_T,              +15951.110854,23.2244,,
BR:BEND-PC1:OWFS_PROCESS_T,              +15979.096074,26.9833,,
BR:BEND-PC1:OWFS_PROCESS_T,              +16005.629658,25.5318,,
BR:BEND-PC1:OWFS_PROCESS_T,              +16045.341810,38.7103,,
BR:BEND-PC1:OWFS_PROCESS_T,              +16072.777112,26.4338,,
BR:BEND-PC1:OWFS_PROCESS_T,              +16100.257558,26.4777,,
BR:BEND-PC1:OWFS_PROCESS_T,              +16126.094060,24.8317,,
BR:BEND-PC1:OWFS_PROCESS_T,              +16164.391264,37.2969,,
BR:BEND-PC1:OWFS_PROCESS_T,              +16188.868928,23.4762,,
BR:BEND-PC1:OWFS_PROCESS_T,              +16213.839190,23.967,,
BR:BEND-PC1:OWFS_PROCESS_T,              +16240.903437,26.0624,,
BR:BEND-PC1:OWFS_PROCESS_T,              +16266.915990,25.0106,,
BR:BEND-PC1:OWFS_PROCESS_T,              +16306.245357,38.3276,,
BR:BEND-PC1:OWFS_PROCESS_T,              +16331.073754,23.8266,,
BR:BEND-PC1:OWFS_PROCESS_T,              +16357.940647,25.8651,,
BR:BEND-PC1:OWFS_PROCESS_T,              +16389.061483,30.119,,
BR:BEND-PC1:OWFS_PROCESS_T,              +16427.787000,37.724,,
BR:BEND-PC1:OWFS_PROCESS_T,              +16451.888316,23.098,,
BR:BEND-PC1:OWFS_PROCESS_T,              +16476.772725,23.8826,,
BR:BEND-PC1:OWFS_PROCESS_T,              +16501.664194,23.89,,
BR:BEND-PC1:OWFS_PROCESS_T,              +16530.263401,27.5963,,
BR:BEND-PC1:OWFS_PROCESS_T,              +16568.263639,36.9969,,
BR:BEND-PC1:OWFS_PROCESS_T,              +16592.487283,23.2219,,
BR:BEND-PC1:OWFS_PROCESS_T,              +16618.073299,24.5842,,
BR:BEND-PC1:OWFS_PROCESS_T,              +16643.286060,24.2112,,
BR:BEND-PC1:OWFS_PROCESS_T,              +16673.802931,29.5137,,
BR:BEND-PC1:OWFS_PROCESS_T,              +16714.184101,39.3793,,
BR:BEND-PC1:OWFS_PROCESS_T,              +16739.305622,24.12,,
BR:BEND-PC1:OWFS_PROCESS_T,              +16763.849890,23.541,,
BR:BEND-PC1:OWFS_PROCESS_T,              +16790.940593,26.0889,,
BR:BEND-PC1:OWFS_PROCESS_T,              +16817.411744,25.4694,,
BR:BEND-PC1:OWFS_PROCESS_T,              +16855.611392,37.1986,,
BR:BEND-PC1:OWFS_PROCESS_T,              +16880.259676,23.6451,,
BR:BEND-PC1:OWFS_PROCESS_T,              +16904.912636,23.6511,,
BR:BEND-PC1:OWFS_PROCESS_T,              +16932.724741,26.8111,,
BR:BEND-PC1:OWFS_PROCESS_T,              +16959.489954,25.7617,,
BR:BEND-PC1:OWFS_PROCESS_T,              +16999.412329,38.9206,,
BR:BEND-PC1:OWFS_PROCESS_T,              +17026.899763,26.484,,
BR:BEND-PC1:OWFS_PROCESS_T,              +17054.221564,26.3216,,
BR:BEND-PC1:OWFS_PROCESS_T,              +17080.285480,25.062,,
BR:BEND-PC1:OWFS_PROCESS_T,              +17118.538341,37.2513,,
BR:BEND-PC1:OWFS_PROCESS_T,              +17142.992348,23.4508,,
BR:BEND-PC1:OWFS_PROCESS_T,              +17168.021415,24.0276,,
BR:BEND-PC1:OWFS_PROCESS_T,              +17194.821941,25.7974,,
BR:BEND-PC1:OWFS_PROCESS_T,              +17220.997862,25.1744,,
BR:BEND-PC1:OWFS_PROCESS_T,              +17259.827117,37.8265,,
BR:BEND-PC1:OWFS_PROCESS_T,              +17284.918124,24.0882,,
BR:BEND-PC1:OWFS_PROCESS_T,              +17311.822432,25.9015,,
BR:BEND-PC1:OWFS_PROCESS_T,              +17342.872464,30.0472,,
BR:BEND-PC1:OWFS_PROCESS_T,              +17381.592908,37.7176,,
BR:BEND-PC1:OWFS_PROCESS_T,              +17405.717922,23.1212,,
BR:BEND-PC1:OWFS_PROCESS_T,              +17431.056651,24.3369,,
BR:BEND-PC1:OWFS_PROCESS_T,              +17455.541737,23.4833,,
BR:BEND-PC1:OWFS_PROCESS_T,              +17484.394918,27.8513,,
BR:BEND-PC1:OWFS_PROCESS_T,              +17522.620760,37.224,,
BR:BEND-PC1:OWFS_PROCESS_T,              +17546.846421,23.2241,,
BR:BEND-PC1:OWFS_PROCESS_T,              +17572.860243,25.0106,,
BR:BEND-PC1:OWFS_PROCESS_T,              +17597.671140,23.8091,,
BR:BEND-PC1:OWFS_PROCESS_T,              +17628.227167,29.5545,,
BR:BEND-PC1:OWFS_PROCESS_T,              +17668.423913,39.1939,,
BR:BEND-PC1:OWFS_PROCESS_T,              +17694.032827,24.6057,,
BR:BEND-PC1:OWFS_PROCESS_T,              +17718.147132,23.1124,,
BR:BEND-PC1:OWFS_PROCESS_T,              +17744.124085,24.9758,,
BR:BEND-PC1:OWFS_PROCESS_T,              +17771.661427,26.5355,,
BR:BEND-PC1:OWFS_PROCESS_T,              +17809.712252,37.0491,,
BR:BEND-PC1:OWFS_PROCESS_T,              +17834.774151,24.0601,,
BR:BEND-PC1:OWFS_PROCESS_T,              +17858.986834,23.2111,,
BR:BEND-PC1:OWFS_PROCESS_T,              +17885.607752,25.6178,,
BR:BEND-PC1:OWFS_PROCESS_T,              +17913.486157,26.8747,,
BR:BEND-PC1:OWFS_PROCESS_T,              +17953.508030,39.0222,,
BR:BEND-PC1:OWFS_PROCESS_T,              +17980.955150,26.444,,
BR:BEND-PC1:OWFS_PROCESS_T,              +18007.165785,25.2088,,
BR:BEND-PC1:OWFS_PROCESS_T,              +18034.319060,26.1514,,
BR:BEND-PC1:OWFS_PROCESS_T,              +18072.531179,37.2103,,
BR:BEND-PC1:OWFS_PROCESS_T,              +18097.215439,23.6825,,
BR:BEND-PC1:OWFS_PROCESS_T,              +18122.215315,23.9983,,
BR:BEND-PC1:OWFS_PROCESS_T,              +18147.943839,24.7252,,
BR:BEND-PC1:OWFS_PROCESS_T,              +18175.148218,26.2026,,
BR:BEND-PC1:OWFS_PROCESS_T,              +18213.961511,37.8116,,
BR:BEND-PC1:OWFS_PROCESS_T,              +18238.977795,24.0132,,
BR:BEND-PC1:OWFS_PROCESS_T,              +18265.864033,25.8831,,
BR:BEND-PC1:OWFS_PROCESS_T,              +18296.995076,30.1291,,
BR:BEND-PC1:OWFS_PROCESS_T,              +18335.352671,37.3558,,
BR:BEND-PC1:OWFS_PROCESS_T,              +18359.696230,23.3416,,
BR:BEND-PC1:OWFS_PROCESS_T,              +18385.518404,24.8205,,
BR:BEND-PC1:OWFS_PROCESS_T,              +18409.989379,23.4691,,
BR:BEND-PC1:OWFS_PROCESS_T,              +18438.633104,27.6419,,
BR:BEND-PC1:OWFS_PROCESS_T,              +18476.354448,36.7195,,
BR:BEND-PC1:OWFS_PROCESS_T,              +18500.791180,23.4349,,
BR:BEND-PC1:OWFS_PROCESS_T,              +18526.798688,25.006,,
BR:BEND-PC1:OWFS_PROCESS_T,              +18551.634841,23.833,,
BR:BEND-PC1:OWFS_PROCESS_T,              +18582.080379,29.4437,,
BR:BEND-PC1:OWFS_PROCESS_T,              +18622.488966,39.4071,,
BR:BEND-PC1:OWFS_PROCESS_T,              +18648.306696,24.8145,,
BR:BEND-PC1:OWFS_PROCESS_T,              +18672.423357,23.1149,,
BR:BEND-PC1:OWFS_PROCESS_T,              +18699.278506,25.8533,,
BR:BEND-PC1:OWFS_PROCESS_T,              +18725.942276,25.6619,,
BR:BEND-PC1:OWFS_PROCESS_T,              +18763.938722,36.9946,,
BR:BEND-PC1:OWFS_PROCESS_T,              +18789.016158,24.0755,,
BR:BEND-PC1:OWFS_PROCESS_T,              +18813.239388,23.2199,,
BR:BEND-PC1:OWFS_PROCESS_T,              +18840.727669,26.488,,
BR:BEND-PC1:OWFS_PROCESS_T,              +18867.678002,25.9485,,
BR:BEND-PC1:OWFS_PROCESS_T,              +18907.771815,39.092,,
BR:BEND-PC1:OWFS_PROCESS_T,              +18935.258217,26.4846,,
BR:BEND-PC1:OWFS_PROCESS_T,              +18962.360568,26.1005,,
BR:BEND-PC1:OWFS_PROCESS_T,              +18988.670818,25.3083,,
BR:BEND-PC1:OWFS_PROCESS_T,              +19026.787237,37.1145,,
BR:BEND-PC1:OWFS_PROCESS_T,              +19051.713453,23.9247,,
BR:BEND-PC1:OWFS_PROCESS_T,              +19076.682957,23.9664,,
BR:BEND-PC1:OWFS_PROCESS_T,              +19103.347364,25.6626,,
BR:BEND-PC1:OWFS_PROCESS_T,              +19129.715028,25.3658,,
BR:BEND-PC1:OWFS_PROCESS_T,              +19168.394154,37.677,,
BR:BEND-PC1:OWFS_PROCESS_T,              +19193.586931,24.1913,,
BR:BEND-PC1:OWFS_PROCESS_T,              +19220.479979,25.8899,,
BR:BEND-PC1:OWFS_PROCESS_T,              +19251.706854,30.2249,,
BR:BEND-PC1:OWFS_PROCESS_T,              +19289.871471,37.1641,,
BR:BEND-PC1:OWFS_PROCESS_T,              +19314.400185,23.526,,
BR:BEND-PC1:OWFS_PROCESS_T,              +19339.078130,23.6748,,
BR:BEND-PC1:OWFS_PROCESS_T,              +19364.192505,24.1125,,
BR:BEND-PC1:OWFS_PROCESS_T,              +19392.908699,27.7144,,
BR:BEND-PC1:OWFS_PROCESS_T,              +19430.711255,36.8008,,
BR:BEND-PC1:OWFS_PROCESS_T,              +19455.382230,23.6691,,
BR:BEND-PC1:OWFS_PROCESS_T,              +19480.761644,24.3776,,
BR:BEND-PC1:OWFS_PROCESS_T,              +19506.254304,24.4915,,
BR:BEND-PC1:OWFS_PROCESS_T,              +19537.030029,29.7739,,
BR:BEND-PC1:OWFS_PROCESS_T,              +19577.705270,39.6734,,
BR:BEND-PC1:OWFS_PROCESS_T,              +19602.620237,23.9131,,
BR:BEND-PC1:OWFS_PROCESS_T,              +19627.373664,23.7516,,
BR:BEND-PC1:OWFS_PROCESS_T,              +19654.870385,26.4949,,
BR:BEND-PC1:OWFS_PROCESS_T,              +19680.838733,24.9665,,
BR:BEND-PC1:OWFS_PROCESS_T,              +19718.847400,37.0049,,
BR:BEND-PC1:OWFS_PROCESS_T,              +19743.289463,23.4422,,
BR:BEND-PC1:OWFS_PROCESS_T,              +19768.166524,23.875,,
BR:BEND-PC1:OWFS_PROCESS_T,              +19796.327940,27.1598,,
BR:BEND-PC1:OWFS_PROCESS_T,              +19822.647060,25.3172,,
BR:BEND-PC1:OWFS_PROCESS_T,              +19862.591195,38.9426,,
BR:BEND-PC1:OWFS_PROCESS_T,              +19890.082129,26.4878,,
BR:BEND-PC1:OWFS_PROCESS_T,              +19917.797435,26.7135,,
BR:BEND-PC1:OWFS_PROCESS_T,              +19943.402052,24.6028,,
BR:BEND-PC1:OWFS_PROCESS_T,              +19981.523181,37.1193,,
BR:BEND-PC1:OWFS_PROCESS_T,              +20006.416477,23.8914,,
BR:BEND-PC1:OWFS_PROCESS_T,              +20031.362368,23.9445,,
BR:BEND-PC1:OWFS_PROCESS_T,              +20058.568821,26.2037,,
BR:BEND-PC1:OWFS_PROCESS_T,              +20084.322858,24.7509,,
BR:BEND-PC1:OWFS_PROCESS_T,              +20122.792569,37.4682,,
BR:BEND-PC1:OWFS_PROCESS_T,              +20148.019063,24.2233,,
BR:BEND-PC1:OWFS_PROCESS_T,              +20174.927631,25.9067,,
BR:BEND-PC1:OWFS_PROCESS_T,              +20206.008203,30.0785,,
BR:BEND-PC1:OWFS_PROCESS_T,              +20244.057519,37.0478,,
BR:BEND-PC1:OWFS_PROCESS_T,              +20268.590819,23.5318,,
BR:BEND-PC1:OWFS_PROCESS_T,              +20293.467638,23.8739,,
BR:BEND-PC1:OWFS_PROCESS_T,              +20318.360162,23.8897,,
BR:BEND-PC1:OWFS_PROCESS_T,              +20346.974612,27.6113,,
BR:BEND-PC1:OWFS_PROCESS_T,              +20384.932507,36.9561,,
BR:BEND-PC1:OWFS_PROCESS_T,              +20409.581522,23.6472,,
BR:BEND-PC1:OWFS_PROCESS_T,              +20435.169691,24.5864,,
BR:BEND-PC1:OWFS_PROCESS_T,              +20460.403208,24.232,,
BR:BEND-PC1:OWFS_PROCESS_T,              +20490.921668,29.5153,,
BR:BEND-PC1:OWFS_PROCESS_T,              +20531.196312,39.2727,,
BR:BEND-PC1:OWFS_PROCESS_T,              +20556.340664,24.1427,,
BR:BEND-PC1:OWFS_PROCESS_T,              +20580.898559,23.5561,,
BR:BEND-PC1:OWFS_PROCESS_T,              +20606.875611,24.9736,,
BR:BEND-PC1:OWFS_PROCESS_T,              +20634.439566,26.5638,,
BR:BEND-PC1:OWFS_PROCESS_T,              +20672.702007,37.2609,,
BR:BEND-PC1:OWFS_PROCESS_T,              +20697.353200,23.6481,,
BR:BEND-PC1:OWFS_PROCESS_T,              +20721.967428,23.6124,,
BR:BEND-PC1:OWFS_PROCESS_T,              +20748.869526,25.9002,,
BR:BEND-PC1:OWFS_PROCESS_T,              +20776.747667,26.8763,,
BR:BEND-PC1:OWFS_PROCESS_T,              +20816.783914,39.0345,,
BR:BEND-PC1:OWFS_PROCESS_T,              +20844.244163,26.4584,,
BR:BEND-PC1:OWFS_PROCESS_T,              +20870.477747,25.2321,,
BR:BEND-PC1:OWFS_PROCESS_T,              +20897.663403,26.1825,,
BR:BEND-PC1:OWFS_PROCESS_T,              +20935.791193,37.126,,
BR:BEND-PC1:OWFS_PROCESS_T,              +20960.690933,23.8979,,
BR:BEND-PC1:OWFS_PROCESS_T,              +20985.673859,23.9811,,
BR:BEND-PC1:OWFS_PROCESS_T,              +21011.425770,24.7501,,
BR:BEND-PC1:OWFS_PROCESS_T,              +21038.711373,26.2837,,
BR:BEND-PC1:OWFS_PROCESS_T,              +21077.162894,37.4497,,
BR:BEND-PC1:OWFS_PROCESS_T,              +21102.384973,24.2203,,
BR:BEND-PC1:OWFS_PROCESS_T,              +21129.291027,25.9042,,
BR:BEND-PC1:OWFS_PROCESS_T,              +21160.464594,30.1713,,
BR:BEND-PC1:OWFS_PROCESS_T,              +21198.808462,37.3421,,
BR:BEND-PC1:OWFS_PROCESS_T,              +21223.356664,23.5463,,
BR:BEND-PC1:OWFS_PROCESS_T,              +21248.057993,23.6996,,
BR:BEND-PC1:OWFS_PROCESS_T,              +21273.174888,24.1151,,
BR:BEND-PC1:OWFS_PROCESS_T,              +21301.870137,27.6934,,
BR:BEND-PC1:OWFS_PROCESS_T,              +21339.388279,36.5167,,
BR:BEND-PC1:OWFS_PROCESS_T,              +21364.047006,23.6555,,
BR:BEND-PC1:OWFS_PROCESS_T,              +21389.440610,24.3916,,
BR:BEND-PC1:OWFS_PROCESS_T,              +21414.931795,24.4884,,
BR:BEND-PC1:OWFS_PROCESS_T,              +21445.511059,29.5761,,
BR:BEND-PC1:OWFS_PROCESS_T,              +21486.494457,39.9819,,
BR:BEND-PC1:OWFS_PROCESS_T,              +21511.403021,23.904,,
BR:BEND-PC1:OWFS_PROCESS_T,              +21536.156109,23.7502,,
BR:BEND-PC1:OWFS_PROCESS_T,              +21563.371097,26.2122,,
BR:BEND-PC1:OWFS_PROCESS_T,              +21589.566489,25.193,,
BR:BEND-PC1:OWFS_PROCESS_T,              +21627.739634,37.1703,,
BR:BEND-PC1:OWFS_PROCESS_T,              +21652.176802,23.434,,
BR:BEND-PC1:OWFS_PROCESS_T,              +21677.082890,23.9043,,
BR:BEND-PC1:OWFS_PROCESS_T,              +21705.008757,26.9238,,
BR:BEND-PC1:OWFS_PROCESS_T,              +21731.557937,25.5473,,
BR:BEND-PC1:OWFS_PROCESS_T,              +21771.772439,39.2127,,
BR:BEND-PC1:OWFS_PROCESS_T,              +21799.179561,26.4053,,
BR:BEND-PC1:OWFS_PROCESS_T,              +21826.664386,26.483,,
BR:BEND-PC1:OWFS_PROCESS_T,              +21852.504984,24.8388,,
BR:BEND-PC1:OWFS_PROCESS_T,              +21890.394283,36.8877,,
BR:BEND-PC1:OWFS_PROCESS_T,              +21915.512763,24.1153,,
BR:BEND-PC1:OWFS_PROCESS_T,              +21940.501378,23.9868,,
BR:BEND-PC1:OWFS_PROCESS_T,              +21967.592663,26.0895,,
BR:BEND-PC1:OWFS_PROCESS_T,              +21993.605238,25.0107,,
BR:BEND-PC1:OWFS_PROCESS_T,              +22031.892438,37.2854,,
BR:BEND-PC1:OWFS_PROCESS_T,              +22057.388671,24.4944,,
BR:BEND-PC1:OWFS_PROCESS_T,              +22084.280824,25.8903,,
BR:BEND-PC1:OWFS_PROCESS_T,              +22115.362676,30.0801,,
BR:BEND-PC1:OWFS_PROCESS_T,              +22153.341710,36.978,,
BR:BEND-PC1:OWFS_PROCESS_T,              +22178.068487,23.7234,,
BR:BEND-PC1:OWFS_PROCESS_T,              +22202.767679,23.6974,,
BR:BEND-PC1:OWFS_PROCESS_T,              +22227.869883,24.1007,,
BR:BEND-PC1:OWFS_PROCESS_T,              +22256.588499,27.7155,,
BR:BEND-PC1:OWFS_PROCESS_T,              +22294.051877,36.4616,,
BR:BEND-PC1:OWFS_PROCESS_T,              +22318.930090,23.8763,,
BR:BEND-PC1:OWFS_PROCESS_T,              +22344.305836,24.3743,,
BR:BEND-PC1:OWFS_PROCESS_T,              +22369.772925,24.4642,,
BR:BEND-PC1:OWFS_PROCESS_T,              +22400.274468,29.4967,,
BR:BEND-PC1:OWFS_PROCESS_T,              +22440.561787,39.2872,,
BR:BEND-PC1:OWFS_PROCESS_T,              +22465.503177,23.9382,,
BR:BEND-PC1:OWFS_PROCESS_T,              +22490.263778,23.7587,,
BR:BEND-PC1:OWFS_PROCESS_T,              +22516.483400,25.2178,,
BR:BEND-PC1:OWFS_PROCESS_T,              +22543.772298,26.287,,
BR:BEND-PC1:OWFS_PROCESS_T,              +22581.830429,37.0563,,
BR:BEND-PC1:OWFS_PROCESS_T,              +22606.294630,23.4624,,
BR:BEND-PC1:OWFS_PROCESS_T,              +22631.161516,23.8653,,
BR:BEND-PC1:OWFS_PROCESS_T,              +22658.058771,25.8941,,
BR:BEND-PC1:OWFS_PROCESS_T,              +22685.713656,26.6534,,
BR:BEND-PC1:OWFS_PROCESS_T,              +22725.686297,38.9698,,
BR:BEND-PC1:OWFS_PROCESS_T,              +22753.139546,26.4501,,
BR:BEND-PC1:OWFS_PROCESS_T,              +22779.582251,25.4412,,
BR:BEND-PC1:OWFS_PROCESS_T,              +22806.539515,25.9542,,
BR:BEND-PC1:OWFS_PROCESS_T,              +22844.223178,36.6818,,
BR:BEND-PC1:OWFS_PROCESS_T,              +22869.342574,24.1176,,
BR:BEND-PC1:OWFS_PROCESS_T,              +22894.343622,23.9992,,
BR:BEND-PC1:OWFS_PROCESS_T,              +22920.279196,24.9337,,
BR:BEND-PC1:OWFS_PROCESS_T,              +22947.311495,26.0304,,
BR:BEND-PC1:OWFS_PROCESS_T,              +22985.922146,37.6088,,
BR:BEND-PC1:OWFS_PROCESS_T,              +23011.374104,24.4504,,
BR:BEND-PC1:OWFS_PROCESS_T,              +23038.281104,25.9037,,
BR:BEND-PC1:OWFS_PROCESS_T,              +23069.426471,30.1435,,
BR:BEND-PC1:OWFS_PROCESS_T,              +23107.170635,36.7428,,
BR:BEND-PC1:OWFS_PROCESS_T,              +23131.939772,23.766,,
BR:BEND-PC1:OWFS_PROCESS_T,              +23156.620999,23.6797,,
BR:BEND-PC1:OWFS_PROCESS_T,              +23181.775525,24.1508,,
BR:BEND-PC1:OWFS_PROCESS_T,              +23210.488653,27.7112,,
BR:BEND-PC1:OWFS_PROCESS_T,              +23248.125208,36.6347,,
BR:BEND-PC1:OWFS_PROCESS_T,              +23272.978470,23.8517,,
BR:BEND-PC1:OWFS_PROCESS_T,              +23298.354342,24.3711,,
BR:BEND-PC1:OWFS_PROCESS_T,              +23323.806391,24.4517,,
BR:BEND-PC1:OWFS_PROCESS_T,              +23354.902520,30.0944,,
BR:BEND-PC1:OWFS_PROCESS_T,              +23395.538823,39.6345,,
BR:BEND-PC1:OWFS_PROCESS_T,              +23420.472516,23.9319,,
BR:BEND-PC1:OWFS_PROCESS_T,              +23445.217406,23.7434,,
BR:BEND-PC1:OWFS_PROCESS_T,              +23473.858867,27.6387,,
BR:BEND-PC1:OWFS_PROCESS_T,              +23498.765018,23.903,,
BR:BEND-PC1:OWFS_PROCESS_T,              +23536.876733,37.1098,,
BR:BEND-PC1:OWFS_PROCESS_T,              +23561.332387,23.4538,,
BR:BEND-PC1:OWFS_PROCESS_T,              +23586.194537,23.8603,,
BR:BEND-PC1:OWFS_PROCESS_T,              +23615.433222,28.2369,,
BR:BEND-PC1:OWFS_PROCESS_T,              +23640.679549,24.2445,,
BR:BEND-PC1:OWFS_PROCESS_T,              +23680.802355,39.121,,
BR:BEND-PC1:OWFS_PROCESS_T,              +23708.258109,26.4543,,
BR:BEND-PC1:OWFS_PROCESS_T,              +23737.072258,27.811,,
BR:BEND-PC1:OWFS_PROCESS_T,              +23761.607331,23.5332,,
BR:BEND-PC1:OWFS_PROCESS_T,              +23799.735804,37.1267,,
BR:BEND-PC1:OWFS_PROCESS_T,              +23824.616710,23.8789,,
BR:BEND-PC1:OWFS_PROCESS_T,              +23849.631409,24.0141,,
BR:BEND-PC1:OWFS_PROCESS_T,              +23878.204727,27.5705,,
BR:BEND-PC1:OWFS_PROCESS_T,              +23902.844539,23.6367,,
BR:BEND-PC1:OWFS_PROCESS_T,              +23941.552504,37.7061,,
BR:BEND-PC1:OWFS_PROCESS_T,              +23966.831885,24.2776,,
BR:BEND-PC1:OWFS_PROCESS_T,              +23993.737934,25.9045,,
BR:BEND-PC1:OWFS_PROCESS_T,              +24024.898228,30.1571,,
BR:BEND-PC1:OWFS_PROCESS_T,              +24063.398785,37.4988,,
BR:BEND-PC1:OWFS_PROCESS_T,              +24087.958299,23.5576,,
BR:BEND-PC1:OWFS_PROCESS_T,              +24113.275580,24.3155,,
BR:BEND-PC1:OWFS_PROCESS_T,              +24138.002380,23.7249,,
BR:BEND-PC1:OWFS_PROCESS_T,              +24166.619214,27.615,,
BR:BEND-PC1:OWFS_PROCESS_T,              +24204.317916,36.695,,
BR:BEND-PC1:OWFS_PROCESS_T,              +24228.974203,23.6568,,
BR:BEND-PC1:OWFS_PROCESS_T,              +24255.038874,25.0614,,
BR:BEND-PC1:OWFS_PROCESS_T,              +24279.860552,23.8198,,
BR:BEND-PC1:OWFS_PROCESS_T,              +24310.434469,29.5723,,
BR:BEND-PC1:OWFS_PROCESS_T,              +24350.642683,39.205,,
BR:BEND-PC1:OWFS_PROCESS_T,              +24376.255114,24.611,,
BR:BEND-PC1:OWFS_PROCESS_T,              +24400.371417,23.1132,,
BR:BEND-PC1:OWFS_PROCESS_T,              +24427.224807,25.8515,,
BR:BEND-PC1:OWFS_PROCESS_T,              +24453.878294,25.6516,,
BR:BEND-PC1:OWFS_PROCESS_T,              +24492.035550,37.1554,,
BR:BEND-PC1:OWFS_PROCESS_T,              +24517.120703,24.0832,,
BR:BEND-PC1:OWFS_PROCESS_T,              +24541.346723,23.2242,,
BR:BEND-PC1:OWFS_PROCESS_T,              +24568.911140,26.5619,,
BR:BEND-PC1:OWFS_PROCESS_T,              +24595.919122,26.0048,,
BR:BEND-PC1:OWFS_PROCESS_T,              +24635.968187,39.0482,,
BR:BEND-PC1:OWFS_PROCESS_T,              +24663.402120,26.4321,,
BR:BEND-PC1:OWFS_PROCESS_T,              +24690.471791,26.0678,,
BR:BEND-PC1:OWFS_PROCESS_T,              +24716.739626,25.266,,
BR:BEND-PC1:OWFS_PROCESS_T,              +24754.371523,36.6304,,
BR:BEND-PC1:OWFS_PROCESS_T,              +24779.723327,24.3487,,
BR:BEND-PC1:OWFS_PROCESS_T,              +24804.711194,23.9864,,
BR:BEND-PC1:OWFS_PROCESS_T,              +24831.371126,25.6568,,
BR:BEND-PC1:OWFS_PROCESS_T,              +24857.838674,25.4652,,
BR:BEND-PC1:OWFS_PROCESS_T,              +24896.406960,37.5661,,
BR:BEND-PC1:OWFS_PROCESS_T,              +24921.922225,24.5136,,
BR:BEND-PC1:OWFS_PROCESS_T,              +24948.795443,25.8717,,
BR:BEND-PC1:OWFS_PROCESS_T,              +24979.883520,30.0849,,
BR:BEND-PC1:OWFS_PROCESS_T,              +25017.628137,36.7428,,
BR:BEND-PC1:OWFS_PROCESS_T,              +25042.615248,23.985,,
BR:BEND-PC1:OWFS_PROCESS_T,              +25067.715371,24.0983,,
BR:BEND-PC1:OWFS_PROCESS_T,              +25092.396327,23.6774,,
BR:BEND-PC1:OWFS_PROCESS_T,              +25121.301007,27.9046,,
BR:BEND-PC1:OWFS_PROCESS_T,              +25158.409705,36.1069,,
BR:BEND-PC1:OWFS_PROCESS_T,              +25183.475428,24.0638,,
BR:BEND-PC1:OWFS_PROCESS_T,              +25209.297481,24.8202,,
BR:BEND-PC1:OWFS_PROCESS_T,              +25234.345250,24.0459,,
BR:BEND-PC1:OWFS_PROCESS_T,              +25264.868424,29.5213,,
BR:BEND-PC1:OWFS_PROCESS_T,              +25305.157008,39.2867,,
BR:BEND-PC1:OWFS_PROCESS_T,              +25330.501169,24.3424,,
BR:BEND-PC1:OWFS_PROCESS_T,              +25354.828241,23.3252,,
BR:BEND-PC1:OWFS_PROCESS_T,              +25381.509162,25.6792,,
BR:BEND-PC1:OWFS_PROCESS_T,              +25408.312186,25.8012,,
BR:BEND-PC1:OWFS_PROCESS_T,              +25446.236217,36.9221,,
BR:BEND-PC1:OWFS_PROCESS_T,              +25471.112678,23.875,,
BR:BEND-PC1:OWFS_PROCESS_T,              +25495.553073,23.4373,,
BR:BEND-PC1:OWFS_PROCESS_T,              +25522.843087,26.2875,,
BR:BEND-PC1:OWFS_PROCESS_T,              +25550.040621,26.1954,,
BR:BEND-PC1:OWFS_PROCESS_T,              +25589.966479,38.9253,,
BR:BEND-PC1:OWFS_PROCESS_T,              +25617.441816,26.4725,,
BR:BEND-PC1:OWFS_PROCESS_T,              +25644.314459,25.8695,,
BR:BEND-PC1:OWFS_PROCESS_T,              +25670.830225,25.5127,,
BR:BEND-PC1:OWFS_PROCESS_T,              +25708.811056,36.98,,
BR:BEND-PC1:OWFS_PROCESS_T,              +25733.702069,23.8871,,
BR:BEND-PC1:OWFS_PROCESS_T,              +25758.698066,23.9947,,
BR:BEND-PC1:OWFS_PROCESS_T,              +25785.122076,25.4212,,
BR:BEND-PC1:OWFS_PROCESS_T,              +25811.721797,25.5965,,
BR:BEND-PC1:OWFS_PROCESS_T,              +25850.017232,37.2935,,
BR:BEND-PC1:OWFS_PROCESS_T,              +25875.258512,24.2395,,
BR:BEND-PC1:OWFS_PROCESS_T,              +25902.143424,25.8831,,
BR:BEND-PC1:OWFS_PROCESS_T,              +25933.179930,30.035,,
BR:BEND-PC1:OWFS_PROCESS_T,              +25971.405263,37.2225,,
BR:BEND-PC1:OWFS_PROCESS_T,              +25995.942686,23.5326,,
BR:BEND-PC1:OWFS_PROCESS_T,              +26020.610021,23.6675,,
BR:BEND-PC1:OWFS_PROCESS_T,              +26045.731970,24.1188,,
BR:BEND-PC1:OWFS_PROCESS_T,              +26074.353820,27.62,,
BR:BEND-PC1:OWFS_PROCESS_T,              +26112.348181,36.9919,,
BR:BEND-PC1:OWFS_PROCESS_T,              +26136.987001,23.6366,,
BR:BEND-PC1:OWFS_PROCESS_T,              +26162.391736,24.4026,,
BR:BEND-PC1:OWFS_PROCESS_T,              +26187.827183,24.4335,,
BR:BEND-PC1:OWFS_PROCESS_T,              +26218.415345,29.5863,,
BR:BEND-PC1:OWFS_PROCESS_T,              +26258.721864,39.3047,,
BR:BEND-PC1:OWFS_PROCESS_T,              +26283.640445,23.9168,,
BR:BEND-PC1:OWFS_PROCESS_T,              +26308.385545,23.7433,,
BR:BEND-PC1:OWFS_PROCESS_T,              +26335.241916,25.8538,,
BR:BEND-PC1:OWFS_PROCESS_T,              +26361.947486,25.7038,,
BR:BEND-PC1:OWFS_PROCESS_T,              +26399.968280,37.0198,,
BR:BEND-PC1:OWFS_PROCESS_T,              +26424.417537,23.4465,,
BR:BEND-PC1:OWFS_PROCESS_T,              +26449.267985,23.8461,,
BR:BEND-PC1:OWFS_PROCESS_T,              +26476.894084,26.6253,,
BR:BEND-PC1:OWFS_PROCESS_T,              +26503.934757,26.0389,,
BR:BEND-PC1:OWFS_PROCESS_T,              +26544.095933,39.1596,,
BR:BEND-PC1:OWFS_PROCESS_T,              +26571.526852,26.4279,,
BR:BEND-PC1:OWFS_PROCESS_T,              +26598.647897,26.1177,,
BR:BEND-PC1:OWFS_PROCESS_T,              +26624.919112,25.2687,,
BR:BEND-PC1:OWFS_PROCESS_T,              +26662.446089,36.5239,,
BR:BEND-PC1:OWFS_PROCESS_T,              +26687.777393,24.329,,
BR:BEND-PC1:OWFS_PROCESS_T,              +26712.736669,23.9572,,
BR:BEND-PC1:OWFS_PROCESS_T,              +26739.346450,25.6074,,
BR:BEND-PC1:OWFS_PROCESS_T,              +26765.780249,25.4322,,
BR:BEND-PC1:OWFS_PROCESS_T,              +26804.129753,37.3477,,
BR:BEND-PC1:OWFS_PROCESS_T,              +26829.818264,24.687,,
BR:BEND-PC1:OWFS_PROCESS_T,              +26856.683519,25.8609,,
BR:BEND-PC1:OWFS_PROCESS_T,              +26887.833226,30.1462,,
BR:BEND-PC1:OWFS_PROCESS_T,              +26925.411611,36.5792,,
BR:BEND-PC1:OWFS_PROCESS_T,              +26950.670693,24.2559,,
BR:BEND-PC1:OWFS_PROCESS_T,              +26975.792457,24.12,,
BR:BEND-PC1:OWFS_PROCESS_T,              +27000.480354,23.686,,
BR:BEND-PC1:OWFS_PROCESS_T,              +27029.247431,27.7653,,
BR:BEND-PC1:OWFS_PROCESS_T,              +27066.445806,36.1966,,
BR:BEND-PC1:OWFS_PROCESS_T,              +27091.510238,24.0622,,
BR:BEND-PC1:OWFS_PROCESS_T,              +27117.302245,24.789,,
BR:BEND-PC1:OWFS_PROCESS_T,              +27142.306797,24.0045,,
BR:BEND-PC1:OWFS_PROCESS_T,              +27172.766710,29.4567,,
BR:BEND-PC1:OWFS_PROCESS_T,              +27213.025797,39.256,,
BR:BEND-PC1:OWFS_PROCESS_T,              +27238.368943,24.3424,,
BR:BEND-PC1:OWFS_PROCESS_T,              +27262.958350,23.5879,,
BR:BEND-PC1:OWFS_PROCESS_T,              +27290.110659,26.1505,,
BR:BEND-PC1:OWFS_PROCESS_T,              +27316.549140,25.4366,,
BR:BEND-PC1:OWFS_PROCESS_T,              +27354.622702,37.0718,,
BR:BEND-PC1:OWFS_PROCESS_T,              +27379.486318,23.8611,,
BR:BEND-PC1:OWFS_PROCESS_T,              +27403.916345,23.4272,,
BR:BEND-PC1:OWFS_PROCESS_T,              +27431.678888,26.7613,,
BR:BEND-PC1:OWFS_PROCESS_T,              +27458.527031,25.8469,,
BR:BEND-PC1:OWFS_PROCESS_T,              +27498.525928,38.9957,,
BR:BEND-PC1:OWFS_PROCESS_T,              +27526.026625,26.4976,,
BR:BEND-PC1:OWFS_PROCESS_T,              +27553.315375,26.2883,,
BR:BEND-PC1:OWFS_PROCESS_T,              +27579.385632,25.0671,,
BR:BEND-PC1:OWFS_PROCESS_T,              +27617.116469,36.7306,,
BR:BEND-PC1:OWFS_PROCESS_T,              +27642.229891,24.1103,,
BR:BEND-PC1:OWFS_PROCESS_T,              +27667.157011,23.9243,,
BR:BEND-PC1:OWFS_PROCESS_T,              +27694.050938,25.8921,,
BR:BEND-PC1:OWFS_PROCESS_T,              +27720.235281,25.1835,,
BR:BEND-PC1:OWFS_PROCESS_T,              +27758.677401,37.4406,,
BR:BEND-PC1:OWFS_PROCESS_T,              +27784.148175,24.4662,,
BR:BEND-PC1:OWFS_PROCESS_T,              +27811.034623,25.8855,,
BR:BEND-PC1:OWFS_PROCESS_T,              +27842.112679,30.0768,,
BR:BEND-PC1:OWFS_PROCESS_T,              +27879.921745,36.8057,,
BR:BEND-PC1:OWFS_PROCESS_T,              +27904.962821,24.0391,,
BR:BEND-PC1:OWFS_PROCESS_T,              +27929.653905,23.6902,,
BR:BEND-PC1:OWFS_PROCESS_T,              +27954.771336,24.116,,
BR:BEND-PC1:OWFS_PROCESS_T,              +27983.504736,27.7314,,
BR:BEND-PC1:OWFS_PROCESS_T,              +28020.922976,36.4164,,
BR:BEND-PC1:OWFS_PROCESS_T,              +28045.797798,23.873,,
BR:BEND-PC1:OWFS_PROCESS_T,              +28071.192909,24.3917,,
BR:BEND-PC1:OWFS_PROCESS_T,              +28096.663262,24.4703,,
BR:BEND-PC1:OWFS_PROCESS_T,              +28127.229950,29.5636,,
BR:BEND-PC1:OWFS_PROCESS_T,              +28167.651239,39.4186,,
BR:BEND-PC1:OWFS_PROCESS_T,              +28192.569413,23.9151,,
BR:BEND-PC1:OWFS_PROCESS_T,              +28217.599819,24.0279,,
BR:BEND-PC1:OWFS_PROCESS_T,              +28245.972865,27.3721,,
BR:BEND-PC1:OWFS_PROCESS_T,              +28271.108867,24.1342,,
BR:BEND-PC1:OWFS_PROCESS_T,              +28309.129036,37.0179,,
BR:BEND-PC1:OWFS_PROCESS_T,              +28333.571323,23.4398,,
BR:BEND-PC1:OWFS_PROCESS_T,              +28358.711100,24.139,,
BR:BEND-PC1:OWFS_PROCESS_T,              +28387.846909,28.1333,,
BR:BEND-PC1:OWFS_PROCESS_T,              +28413.300693,24.4517,,
BR:BEND-PC1:OWFS_PROCESS_T,              +28453.230435,38.9279,,
BR:BEND-PC1:OWFS_PROCESS_T,              +28480.617484,26.3852,,
BR:BEND-PC1:OWFS_PROCESS_T,              +28509.288341,27.6699,,
BR:BEND-PC1:OWFS_PROCESS_T,              +28534.055618,23.7655,,
BR:BEND-PC1:OWFS_PROCESS_T,              +28571.380060,36.3229,,
BR:BEND-PC1:OWFS_PROCESS_T,              +28596.721908,24.3388,,
BR:BEND-PC1:OWFS_PROCESS_T,              +28621.730546,24.0062,,
BR:BEND-PC1:OWFS_PROCESS_T,              +28649.849608,27.1163,,
BR:BEND-PC1:OWFS_PROCESS_T,              +28674.733778,23.8827,,
BR:BEND-PC1:OWFS_PROCESS_T,              +28712.868458,37.1328,,
BR:BEND-PC1:OWFS_PROCESS_T,              +28738.533058,24.6628,,
BR:BEND-PC1:OWFS_PROCESS_T,              +28765.419508,25.8847,,
BR:BEND-PC1:OWFS_PROCESS_T,              +28796.550500,30.1291,,
BR:BEND-PC1:OWFS_PROCESS_T,              +28834.201615,36.6493,,
BR:BEND-PC1:OWFS_PROCESS_T,              +28859.435329,24.2306,,
BR:BEND-PC1:OWFS_PROCESS_T,              +28884.124833,23.6885,,
BR:BEND-PC1:OWFS_PROCESS_T,              +28909.240547,24.1144,,
BR:BEND-PC1:OWFS_PROCESS_T,              +28937.900672,27.6583,,
BR:BEND-PC1:OWFS_PROCESS_T,              +28975.277942,36.3746,,
BR:BEND-PC1:OWFS_PROCESS_T,              +29000.357011,24.0774,,
BR:BEND-PC1:OWFS_PROCESS_T,              +29025.743313,24.3852,,
BR:BEND-PC1:OWFS_PROCESS_T,              +29051.223446,24.4776,,
BR:BEND-PC1:OWFS_PROCESS_T,              +29081.658418,29.4325,,
BR:BEND-PC1:OWFS_PROCESS_T,              +29121.935186,39.2757,,
BR:BEND-PC1:OWFS_PROCESS_T,              +29146.867501,23.9304,,
BR:BEND-PC1:OWFS_PROCESS_T,              +29171.660996,23.7926,,
BR:BEND-PC1:OWFS_PROCESS_T,              +29198.112519,25.4497,,
BR:BEND-PC1:OWFS_PROCESS_T,              +29225.200894,26.0864,,
BR:BEND-PC1:OWFS_PROCESS_T,              +29263.198591,36.9955,,
BR:BEND-PC1:OWFS_PROCESS_T,              +29287.639665,23.4391,,
BR:BEND-PC1:OWFS_PROCESS_T,              +29312.509838,23.8681,,
BR:BEND-PC1:OWFS_PROCESS_T,              +29339.666292,26.1549,,
BR:BEND-PC1:OWFS_PROCESS_T,              +29367.103865,26.4329,,
BR:BEND-PC1:OWFS_PROCESS_T,              +29407.041115,38.9359,,
BR:BEND-PC1:OWFS_PROCESS_T,              +29434.502832,26.4607,,
BR:BEND-PC1:OWFS_PROCESS_T,              +29461.225320,25.7206,,
BR:BEND-PC1:OWFS_PROCESS_T,              +29487.981330,25.7536,,
BR:BEND-PC1:OWFS_PROCESS_T,              +29526.433898,37.4501,,
BR:BEND-PC1:OWFS_PROCESS_T,              +29550.900158,23.4656,,
BR:BEND-PC1:OWFS_PROCESS_T,              +29575.875831,23.9739,,
BR:BEND-PC1:OWFS_PROCESS_T,              +29602.005651,25.128,,
BR:BEND-PC1:OWFS_PROCESS_T,              +29628.813183,25.8057,,
BR:BEND-PC1:OWFS_PROCESS_T,              +29667.688589,37.8735,,
BR:BEND-PC1:OWFS_PROCESS_T,              +29692.498306,23.8079,,
BR:BEND-PC1:OWFS_PROCESS_T,              +29719.411209,25.9111,,
BR:BEND-PC1:OWFS_PROCESS_T,              +29750.652526,30.2387,,
BR:BEND-PC1:OWFS_PROCESS_T,              +29789.489908,37.836,,
BR:BEND-PC1:OWFS_PROCESS_T,              +29813.606271,23.1142,,
BR:BEND-PC1:OWFS_PROCESS_T,              +29838.704371,24.0964,,
BR:BEND-PC1:OWFS_PROCESS_T,              +29863.356556,23.6503,,
BR:BEND-PC1:OWFS_PROCESS_T,              +29892.041170,27.6829,,
BR:BEND-PC1:OWFS_PROCESS_T,              +29930.244356,37.2014,,
BR:BEND-PC1:OWFS_PROCESS_T,              +29954.480461,23.2343,,
BR:BEND-PC1:OWFS_PROCESS_T,              +29980.293861,24.8116,,
BR:BEND-PC1:OWFS_PROCESS_T,              +30005.344974,24.0493,,
BR:BEND-PC1:OWFS_PROCESS_T,              +30036.032894,29.6861,,
BR:BEND-PC1:OWFS_PROCESS_T,              +30076.762289,39.7279,,
BR:BEND-PC1:OWFS_PROCESS_T,              +30102.055651,24.2902,,
BR:BEND-PC1:OWFS_PROCESS_T,              +30126.378205,23.3207,,
BR:BEND-PC1:OWFS_PROCESS_T,              +30153.924025,26.544,,
BR:BEND-PC1:OWFS_PROCESS_T,              +30179.920792,24.9949,,
BR:BEND-PC1:OWFS_PROCESS_T,              +30218.152676,37.2301,,
BR:BEND-PC1:OWFS_PROCESS_T,              +30243.008784,23.8541,,
BR:BEND-PC1:OWFS_PROCESS_T,              +30267.447687,23.4374,,
BR:BEND-PC1:OWFS_PROCESS_T,              +30295.633408,27.1826,,
BR:BEND-PC1:OWFS_PROCESS_T,              +30321.964401,25.3291,,
BR:BEND-PC1:OWFS_PROCESS_T,              +30362.019210,39.053,,
BR:BEND-PC1:OWFS_PROCESS_T,              +30389.559990,26.539,,
BR:BEND-PC1:OWFS_PROCESS_T,              +30417.217926,26.6561,,
BR:BEND-PC1:OWFS_PROCESS_T,              +30442.839267,24.6189,,
BR:BEND-PC1:OWFS_PROCESS_T,              +30481.390913,37.5502,,
BR:BEND-PC1:OWFS_PROCESS_T,              +30505.859575,23.4665,,
BR:BEND-PC1:OWFS_PROCESS_T,              +30530.847296,23.9859,,
BR:BEND-PC1:OWFS_PROCESS_T,              +30558.048609,26.1995,,
BR:BEND-PC1:OWFS_PROCESS_T,              +30583.815760,24.7656,,
BR:BEND-PC1:OWFS_PROCESS_T,              +30622.991291,38.1723,,
BR:BEND-PC1:OWFS_PROCESS_T,              +30647.825567,23.8324,,
BR:BEND-PC1:OWFS_PROCESS_T,              +30674.645499,25.8181,,
BR:BEND-PC1:OWFS_PROCESS_T,              +30705.778903,30.1315,,
BR:BEND-PC1:OWFS_PROCESS_T,              +30744.747011,37.9662,,
BR:BEND-PC1:OWFS_PROCESS_T,              +30768.862146,23.1134,,
BR:BEND-PC1:OWFS_PROCESS_T,              +30794.215234,24.3513,,
BR:BEND-PC1:OWFS_PROCESS_T,              +30818.675222,23.4585,,
BR:BEND-PC1:OWFS_PROCESS_T,              +30847.393041,27.7145,,
BR:BEND-PC1:OWFS_PROCESS_T,              +30885.586464,37.1916,,
BR:BEND-PC1:OWFS_PROCESS_T,              +30909.816719,23.2284,,
BR:BEND-PC1:OWFS_PROCESS_T,              +30935.874539,25.0561,,
BR:BEND-PC1:OWFS_PROCESS_T,              +30960.696091,23.8197,,
BR:BEND-PC1:OWFS_PROCESS_T,              +30991.213686,29.5158,,
BR:BEND-PC1:OWFS_PROCESS_T,              +31031.512226,39.2967,,
BR:BEND-PC1:OWFS_PROCESS_T,              +31057.102547,24.5885,,
BR:BEND-PC1:OWFS_PROCESS_T,              +31081.210568,23.1062,,
BR:BEND-PC1:OWFS_PROCESS_T,              +31108.341370,26.129,,
BR:BEND-PC1:OWFS_PROCESS_T,              +31134.982081,25.6389,,
BR:BEND-PC1:OWFS_PROCESS_T,              +31173.090130,37.1062,,
BR:BEND-PC1:OWFS_PROCESS_T,              +31198.163032,24.0714,,
BR:BEND-PC1:OWFS_PROCESS_T,              +31222.387068,23.2212,,
BR:BEND-PC1:OWFS_PROCESS_T,              +31249.967124,26.5773,,
BR:BEND-PC1:OWFS_PROCESS_T,              +31277.022148,26.0519,,
BR:BEND-PC1:OWFS_PROCESS_T,              +31317.177648,39.1537,,
BR:BEND-PC1:OWFS_PROCESS_T,              +31344.636967,26.4574,,
BR:BEND-PC1:OWFS_PROCESS_T,              +31371.728808,26.09,,
BR:BEND-PC1:OWFS_PROCESS_T,              +31397.999075,25.2684,,
BR:BEND-PC1:OWFS_PROCESS_T,              +31435.384173,36.3836,,
BR:BEND-PC1:OWFS_PROCESS_T,              +31460.693478,24.306,,
BR:BEND-PC1:OWFS_PROCESS_T,              +31485.661252,23.9659,,
BR:BEND-PC1:OWFS_PROCESS_T,              +31512.218485,25.5557,,
BR:BEND-PC1:OWFS_PROCESS_T,              +31538.851878,25.6316,,
BR:BEND-PC1:OWFS_PROCESS_T,              +31576.704359,36.8507,,
BR:BEND-PC1:OWFS_PROCESS_T,              +31602.369409,24.6632,,
BR:BEND-PC1:OWFS_PROCESS_T,              +31629.539334,26.1681,,
BR:BEND-PC1:OWFS_PROCESS_T,              +31660.587604,30.0457,,
BR:BEND-PC1:OWFS_PROCESS_T,              +31698.290494,36.7017,,
BR:BEND-PC1:OWFS_PROCESS_T,              +31723.309782,24.0175,,
BR:BEND-PC1:OWFS_PROCESS_T,              +31748.004246,23.6926,,
BR:BEND-PC1:OWFS_PROCESS_T,              +31773.111305,24.1053,,
BR:BEND-PC1:OWFS_PROCESS_T,              +31801.772671,27.6595,,
BR:BEND-PC1:OWFS_PROCESS_T,              +31839.171898,36.3975,,
BR:BEND-PC1:OWFS_PROCESS_T,              +31864.259927,24.0862,,
BR:BEND-PC1:OWFS_PROCESS_T,              +31889.646792,24.3849,,
BR:BEND-PC1:OWFS_PROCESS_T,              +31915.110193,24.462,,
BR:BEND-PC1:OWFS_PROCESS_T,              +31945.693654,29.5806,,
BR:BEND-PC1:OWFS_PROCESS_T,              +31986.220980,39.5241,,
BR:BEND-PC1:OWFS_PROCESS_T,              +32011.136988,23.9141,,
BR:BEND-PC1:OWFS_PROCESS_T,              +32035.898711,23.76,,
BR:BEND-PC1:OWFS_PROCESS_T,              +32062.933985,26.0334,,
BR:BEND-PC1:OWFS_PROCESS_T,              +32089.341540,25.4065,,
BR:BEND-PC1:OWFS_PROCESS_T,              +32127.272435,36.9278,,
BR:BEND-PC1:OWFS_PROCESS_T,              +32151.717463,23.4432,,
BR:BEND-PC1:OWFS_PROCESS_T,              +32176.578311,23.8594,,
BR:BEND-PC1:OWFS_PROCESS_T,              +32204.363727,26.7826,,
BR:BEND-PC1:OWFS_PROCESS_T,              +32231.130521,25.7636,,
BR:BEND-PC1:OWFS_PROCESS_T,              +32271.276743,39.1443,,
BR:BEND-PC1:OWFS_PROCESS_T,              +32298.760943,26.4829,,
BR:BEND-PC1:OWFS_PROCESS_T,              +32326.029443,26.2654,,
BR:BEND-PC1:OWFS_PROCESS_T,              +32352.092351,25.061,,
BR:BEND-PC1:OWFS_PROCESS_T,              +32390.403570,37.3093,,
BR:BEND-PC1:OWFS_PROCESS_T,              +32414.876495,23.471,,
BR:BEND-PC1:OWFS_PROCESS_T,              +32439.860965,23.9827,,
BR:BEND-PC1:OWFS_PROCESS_T,              +32466.684038,25.8212,,
BR:BEND-PC1:OWFS_PROCESS_T,              +32492.845068,25.1592,,
BR:BEND-PC1:OWFS_PROCESS_T,              +32531.931415,38.0846,,
BR:BEND-PC1:OWFS_PROCESS_T,              +32556.765776,23.8325,,
BR:BEND-PC1:OWFS_PROCESS_T,              +32583.650816,25.883,,
BR:BEND-PC1:OWFS_PROCESS_T,              +32614.725116,30.0726,,
BR:BEND-PC1:OWFS_PROCESS_T,              +32653.501698,37.7751,,
BR:BEND-PC1:OWFS_PROCESS_T,              +32677.626273,23.121,,
BR:BEND-PC1:OWFS_PROCESS_T,              +32702.742286,24.1144,,
BR:BEND-PC1:OWFS_PROCESS_T,              +32727.426522,23.6823,,
BR:BEND-PC1:OWFS_PROCESS_T,              +32756.124572,27.6963,,
BR:BEND-PC1:OWFS_PROCESS_T,              +32794.531122,37.4047,,
BR:BEND-PC1:OWFS_PROCESS_T,              +32818.755601,23.223,,
BR:BEND-PC1:OWFS_PROCESS_T,              +32844.583160,24.8243,,
BR:BEND-PC1:OWFS_PROCESS_T,              +32869.642294,24.0573,,
BR:BEND-PC1:OWFS_PROCESS_T,              +32900.226712,29.5824,,
BR:BEND-PC1:OWFS_PROCESS_T,              +32940.433331,39.2049,,
BR:BEND-PC1:OWFS_PROCESS_T,              +32965.762601,24.3278,,
BR:BEND-PC1:OWFS_PROCESS_T,              +32990.335656,23.5702,,
BR:BEND-PC1:OWFS_PROCESS_T,2024-09-21 11:54:26.522496 *** disconnected
